平台,关键词,搜索关键词,标题,链接,发布时间,摘要,内容,作者,点赞数,收藏数,包含负面,评论数,评论内容
搜狗微信,路觅,路觅留学,路觅教育获“最佳留学课业辅导机构” 殊荣,https://weixin.sogou.com/link?url=dn9a_-gY295K0Rci_xozVXfdMkSQTLW6cwJThYulHEtVjXrGTiVgSziln4oLtJd_vmzxVw-fD_AnWnzBnTuUQ1qXa8Fplpd9PEbD1Ie_qqhXYpusSUG3z7xfQdb3Bh3XGGsiJMTvRJMXjABaTJdfW5TZkaM7jJLVU7aZFjSPVX_bQmgeZhcX3M30T2uUwH5ek1l3gSk7GscXu0T-EPTmQK2-mv9zJ8iPbby3TqTa8cAwPXWCiVxyAC9NNuhIPItr_tB8jGdIgX_S-e4Yz84xMA..&type=2&query=%E8%B7%AF%E8%A7%85%E7%95%99%E5%AD%A6&token=E16692CFC566EE462A2C6CE9F23761F12A2F0D38693CF4CE,,,,,0,0,False,0,
搜狗微信,路觅,路觅留学,"关于路觅留学生课程辅导,你不能不知道的6件事",https://weixin.sogou.com/link?url=dn9a_-gY295K0Rci_xozVXfdMkSQTLW6cwJThYulHEtVjXrGTiVgSziln4oLtJd_vmzxVw-fD_AnWnzBnTuUQ1qXa8Fplpd9PEbD1Ie_qqhXYpusSUG3z7xfQdb3Bh3XGGsiJMTvRJMXjABaTJdfWw4w-hk6Tge_qLP2iWYyzwdMKYJxrZ-9DLkicpF_jHsEMoNrYckGLX-VBRurcQ-7H6YJXpIBqTr2zmpp1nxslWtrteRf0NR32wT4qVF-7wSEKuLaCsrAQ6KjotuuiAmOIg..&type=2&query=%E8%B7%AF%E8%A7%85%E7%95%99%E5%AD%A6&token=E16692CFC566EE462A2C6CE9F23761F12A2F0D38693CF4CE,,,,,0,0,False,0,
搜狗微信,路觅,路觅留学,路觅教育 | 致力于让每一位留学生都获得好成绩,https://weixin.sogou.com/link?url=dn9a_-gY295K0Rci_xozVXfdMkSQTLW6cwJThYulHEtVjXrGTiVgSziln4oLtJd_vmzxVw-fD_AnWnzBnTuUQ1qXa8Fplpd9v_nlth45BdbGcjPE2ekU4nqLOtYQypJcZAU6roy2W_-6fKL3XLWST5XEn0ROHzz6OLkoVZ8JZzL1VrE4H3XhuQODlyjGxM2CTDnrs9eYeHHxJkWaGWTxFKiIGcTl21m8iAM7wUV1fAZ3ZBX91L2EydxmA3Qhv4fq0W0TBBfcOhZAe0f8bRARvQ..&type=2&query=%E8%B7%AF%E8%A7%85%E7%95%99%E5%AD%A6&token=E16692CFC566EE462A2C6CE9F23761F12A2F0D38693CF4CE,,"我们的故事,始于北美的一间线下教室当时,我们还是一群帮留学生答疑解惑的辅导者十年深耕,五年专注路觅教育带着“ 让学习更轻...","我们的故事,始于北美的一间线下教室当时,我们还是一群帮留学生答疑解惑的辅导者十年深耕,五年专注路觅教育带着“ 让学习更轻...",,0,0,False,0,
搜狗微信,路觅,路觅留学,直播预告:AI 辅助学术写作的正确打开方式!更有专属写作资料免费领!,https://weixin.sogou.com/link?url=dn9a_-gY295K0Rci_xozVXfdMkSQTLW6cwJThYulHEtVjXrGTiVgSziln4oLtJd_vmzxVw-fD_AnWnzBnTuUQ1qXa8Fplpd9s39HQNib_ZE6aAtm-mcHQheX83suAvzSWD9LJ29Gz-OkU9S0AdUNDYwtEtmtLBasdh_osbyh0GbHaLptLRzyWxTCLy_3kqN6TOtmY68gEgSASTPHObAAqmT9fZwPYuglLGJABOZQa0tQkj46CX2aMAwGUc-z4L1WB4-hrSWp6P3wdVqCwyPdzA..&type=2&query=%E8%B7%AF%E8%A7%85%E7%95%99%E5%AD%A6&token=E16692CFC566EE462A2C6CE9F23761F12A2F0D38693CF4CE,,"以「路觅留学公开课」视频号线上直播的形式举行,快快点击下方 “预约” 按钮,锁定直播席位!02直播内容1 全流程 AI 写作技巧 ...","以「路觅留学公开课」视频号线上直播的形式举行,快快点击下方 “预约” 按钮,锁定直播席位!02直播内容1 全流程 AI 写作技巧 ...",,0,0,False,0,
搜狗微信,路觅,路觅留学,远洋知觅(二)——东院留学生分享汇,https://weixin.sogou.com/link?url=dn9a_-gY295K0Rci_xozVXfdMkSQTLW6cwJThYulHEtVjXrGTiVgSziln4oLtJd_vmzxVw-fD_AnWnzBnTuUQ1qXa8Fplpd9gDrF0JWxh1pVZ-TEPcAUYaZ52VaP33NCz3d8doU6rHeNLKYic-MMxe_EN320DTATrjjeiOjnvmbSVV8QAV33Lk2ZirhImZNQ62XU10XimQEfyXTtZ0uGdZ_VD1nLJJY92l4yqxU75n6CVDo3QVWw-K_B8JBIiGMFEiCsDocmmeHP28temKTOwg..&type=2&query=%E8%B7%AF%E8%A7%85%E7%95%99%E5%AD%A6&token=E16692CFC566EE462A2C6CE9F23761F12A2F0D38693CF4CE,,"远洋知觅(二)——东院留学生分享汇我校作为重庆市国际化特色高校建设单位,是中国西南地区外语和涉外人才培养以及外国语言文...","远洋知觅(二)——东院留学生分享汇我校作为重庆市国际化特色高校建设单位,是中国西南地区外语和涉外人才培养以及外国语言文...",,0,0,False,0,
搜狗微信,路觅,路觅辅导,路觅教育获“最佳留学课业辅导机构” 殊荣,https://weixin.sogou.com/link?url=dn9a_-gY295K0Rci_xozVXfdMkSQTLW6cwJThYulHEtVjXrGTiVgSziln4oLtJd_fcxfFhIYFmAnWnzBnTuUQ1qXa8Fplpd9PEbD1Ie_qqhXYpusSUG3z7xfQdb3Bh3XGGsiJMTvRJMXjABaTJdfW5TZkaM7jJLVU7aZFjSPVX_bQmgeZhcX3JvegesjfRDsUsa5WBduUJZWQSmCpCrrV7HKAABF1uOlUJguh81UUTbqcz-uSDRAY-OwXfJ8i4GZ5lxDxrO4XWv1AfaFW2DefQ..&type=2&query=%E8%B7%AF%E8%A7%85%E8%BE%85%E5%AF%BC&token=E166B719C566EE462A2C6CE9F23761F12A2F0D38693CF4D7,,,,,0,0,False,0,
搜狗微信,路觅,路觅辅导,路觅教育 | 致力于让每一位留学生都获得好成绩,https://weixin.sogou.com/link?url=dn9a_-gY295K0Rci_xozVXfdMkSQTLW6cwJThYulHEtVjXrGTiVgSziln4oLtJd_fcxfFhIYFmAnWnzBnTuUQ1qXa8Fplpd9v_nlth45BdbGcjPE2ekU4nqLOtYQypJcZAU6roy2W_-6fKL3XLWST5XEn0ROHzz6OLkoVZ8JZzL1VrE4H3XhualCKEQoSXP0KsjF3Of3q_UqUI1hxnUV3xpfldHYq_mU7Fk3k9HpxBoIdQCxJ9LYHdsjcMa9eRHBsQFubI19G_Vf_71bqkOtiw..&type=2&query=%E8%B7%AF%E8%A7%85%E8%BE%85%E5%AF%BC&token=E166B719C566EE462A2C6CE9F23761F12A2F0D38693CF4D7,,"我们的故事,始于北美的一间线下教室当时,我们还是一群帮留学生答疑解惑的辅导者十年深耕,五年专注路觅教育带着“ 让学习更轻...","我们的故事,始于北美的一间线下教室当时,我们还是一群帮留学生答疑解惑的辅导者十年深耕,五年专注路觅教育带着“ 让学习更轻...",,0,0,False,0,
搜狗微信,路觅,路觅辅导,"关于路觅留学生课程辅导,你不能不知道的6件事",https://weixin.sogou.com/link?url=dn9a_-gY295K0Rci_xozVXfdMkSQTLW6cwJThYulHEtVjXrGTiVgSziln4oLtJd_fcxfFhIYFmAnWnzBnTuUQ1qXa8Fplpd9PEbD1Ie_qqhXYpusSUG3z7xfQdb3Bh3XGGsiJMTvRJMXjABaTJdfWw4w-hk6Tge_qLP2iWYyzwdMKYJxrZ-9DEaY-xfzR6F2psDOg2ZAB2XdWD3l9VmMdIlzpF-98vHLX4eI3jDy_lxPQ6Qp9S6at_coLiD4CjK9-KDNu10F3BiFW6cwuUnkdA..&type=2&query=%E8%B7%AF%E8%A7%85%E8%BE%85%E5%AF%BC&token=E166B719C566EE462A2C6CE9F23761F12A2F0D38693CF4D7,,,,,0,0,False,0,
搜狗微信,路觅,路觅辅导,25级觅峰辅导班超详细介绍——上岸的最佳选择在这里!!!,https://weixin.sogou.com/link?url=dn9a_-gY295K0Rci_xozVXfdMkSQTLW6cwJThYulHEtVjXrGTiVgSziln4oLtJd_fcxfFhIYFmAnWnzBnTuUQ1qXa8Fplpd9MGTIBP-Z5YtswzVI3uYqMTs18RpDIdNUMwFK7dUbvD-jvr01lfL7OzJQXnu7LmbP-SGlG8Ltks2bVw-_3BfQrMa1ZJtW7A4xB0UKqYreZIXQujyswh43JRVJO6roUIu8noyAMsm4r4eEtXF0-knzBbG8rDsM0zfTyYn26Dtj0xBS6t2rFt2rnA..&type=2&query=%E8%B7%AF%E8%A7%85%E8%BE%85%E5%AF%BC&token=E166B719C566EE462A2C6CE9F23761F12A2F0D38693CF4D7,,"我们年轻稚嫩,但汲汲营营、勤勤恳恳,辅导院校从最开始的1个,调整到现在的3个,觅峰不追求快速扩张,而是努力精心辅导几个院...","我们年轻稚嫩,但汲汲营营、勤勤恳恳,辅导院校从最开始的1个,调整到现在的3个,觅峰不追求快速扩张,而是努力精心辅导几个院...",,0,0,False,0,
搜狗微信,路觅,路觅网课,重磅官宣!路觅教育「AI课程报告」正式上线啦,https://weixin.sogou.com/link?url=dn9a_-gY295K0Rci_xozVXfdMkSQTLW6cwJThYulHEtVjXrGTiVgSziln4oLtJd_cz1YWI-mvBUnWnzBnTuUQ1qXa8Fplpd9v_nlth45BdbGcjPE2ekU4nqLOtYQypJcZAU6roy2W_-6fKL3XLWST7KtP08MdwyLr7ah0H6jKWnblHs24oFSM8i4Qiho6c6I5bsPgZtYzjMNJRDY0mbDq4B_jcIYUHmEv7RJqr1Ufn_O8LRQMp54zI6irRPylWzkWoeUQDXUs9d5Nu7CnoSqqg..&type=2&query=%E8%B7%AF%E8%A7%85%E7%BD%91%E8%AF%BE&token=E166DC6CC566EE462A2C6CE9F23761F12A2F0D38693CF4E0,,"路觅正式推出了「AI课程报告」功能,从现在开始,我们将用数据化、智能化的力量,让学习过程清晰透明、复习快速有方向、服务价...","路觅正式推出了「AI课程报告」功能,从现在开始,我们将用数据化、智能化的力量,让学习过程清晰透明、复习快速有方向、服务价...",,0,0,False,0,
搜狗微信,路觅,路觅作业辅导,原来大家都有“秘密武器”?!——揭秘留学生的顶级学业安全感来源,https://weixin.sogou.com/link?url=dn9a_-gY295K0Rci_xozVXfdMkSQTLW6cwJThYulHEtVjXrGTiVgSziln4oLtJd_S_4uL7pmamknWnzBnTuUQ1qXa8Fplpd9PEbD1Ie_qqhXYpusSUG3z7xfQdb3Bh3XGGsiJMTvRJMXjABaTJdfW1lJ2FwlFXJoUIwA-Myvlnb2GhQGDQr0IUGsXxNCGCu71hJmENy-xjP_3lbdqRM8FyB6ggY55zHeHXn8kFbyCxN8_9twHJE8quBzj1v0rr1wb2SUOj7-ziZCy6umSSPEsg..&type=2&query=%E8%B7%AF%E8%A7%85%E4%BD%9C%E4%B8%9A%E8%BE%85%E5%AF%BC&token=E16700E1C566EE462A2C6CE9F23761F12A2F0D38693CF4E8,,"但如果你的背后站着路觅,那就等于拥有了全方位学业护航的顶级安全感!选课指导 - 科学规划部署选课是大学学术生活的开端,课程...","但如果你的背后站着路觅,那就等于拥有了全方位学业护航的顶级安全感!选课指导 - 科学规划部署选课是大学学术生活的开端,课程...",,0,0,False,0,
搜狗微信,路觅,路觅作业辅导,【雪藻兰襟】诗词学院首届初级班第七课作业指导,https://weixin.sogou.com/link?url=dn9a_-gY295K0Rci_xozVXfdMkSQTLW6cwJThYulHEtVjXrGTiVgSziln4oLtJd_S_4uL7pmamknWnzBnTuUQ1qXa8Fplpd9QsW5HQOILA6w5UbRMnvpkSpkfyMnTMemsSA7O1Fy6aEy-UuvGElS4U6cNWw0BsdBve5iFMe8ruHDpLupsdbsVh2ljVuBAJ8AH7dtA4jirU9ItzbglHq71hnkclDzJd--kns5rnwm5zHPfMKpG2HirSAkIlBd3HuxmB0aH5kGZEaFW6cwuUnkdA..&type=2&query=%E8%B7%AF%E8%A7%85%E4%BD%9C%E4%B8%9A%E8%BE%85%E5%AF%BC&token=E16700E1C566EE462A2C6CE9F23761F12A2F0D38693CF4E8,,"关注雪藻兰襟 开启诗意人生诗词学院第七课作业1.用借句法学写一首绝句,并指明借用的是哪首诗的哪一句.2.用所学布局法,写一首...","关注雪藻兰襟 开启诗意人生诗词学院第七课作业1.用借句法学写一首绝句,并指明借用的是哪首诗的哪一句.2.用所学布局法,写一首...",,0,0,False,0,
搜狗微信,路觅,路觅作业辅导,沙利文发布《中国海外大学课程辅导行业白皮书》,https://weixin.sogou.com/link?url=dn9a_-gY295K0Rci_xozVXfdMkSQTLW6cwJThYulHEtVjXrGTiVgSziln4oLtJd_S_4uL7pmamknWnzBnTuUQ1qXa8Fplpd96Yd6LKh1DWyy0VWzkECL_dVX9FJhMsRwZ23-C8zTkz16pqNxoFT6FQGsAcosSw28IAVclkSjd_iIl1sXiA5BwVnqTDCioCVDC5cMMwmNBkCBYyegBUe0pKRKDcaEx3iFU3WvdAZS4KI0sXjrMC-o1vTyr1J8qh7h5tn0hV6ZO5P2CsG6-xMgzQ..&type=2&query=%E8%B7%AF%E8%A7%85%E4%BD%9C%E4%B8%9A%E8%BE%85%E5%AF%BC&token=E16700E1C566EE462A2C6CE9F23761F12A2F0D38693CF4E8,,"路觅教育作为专业辅导机构,拥有成熟的导师招聘与培训流程,并配备有专业的服务团队,与私人辅导机构相比,能够提供更为专业和...","路觅教育作为专业辅导机构,拥有成熟的导师招聘与培训流程,并配备有专业的服务团队,与私人辅导机构相比,能够提供更为专业和...",,0,0,False,0,
搜狗微信,路觅,路觅论文,路觅教育 | 致力于让每一位留学生都获得好成绩,https://weixin.sogou.com/link?url=dn9a_-gY295K0Rci_xozVXfdMkSQTLW6cwJThYulHEtVjXrGTiVgSziln4oLtJd_mwlkxAIKPhMnWnzBnTuUQ1qXa8Fplpd9v_nlth45BdbGcjPE2ekU4nqLOtYQypJcZAU6roy2W_-6fKL3XLWST5XEn0ROHzz6OLkoVZ8JZzL1VrE4H3XhuT-3yG5pXG0VPQg-uIJBrvH0muU5JKyhzLpY1byzqq-gbkw4rSM7fKeD2WIvOfnBv_jMNrcva5i-liGmqGya8kHs46dn8Efgxg..&type=2&query=%E8%B7%AF%E8%A7%85%E8%AE%BA%E6%96%87&token=E16725D9C566EE462A2C6CE9F23761F12A2F0D38693CF4F1,,"我们的故事,始于北美的一间线下教室当时,我们还是一群帮留学生答疑解惑的辅导者十年深耕,五年专注路觅教育带着“ 让学习更轻...","我们的故事,始于北美的一间线下教室当时,我们还是一群帮留学生答疑解惑的辅导者十年深耕,五年专注路觅教育带着“ 让学习更轻...",,0,0,False,0,
搜狗微信,路觅,路觅论文,"他好色,好酒,好钱,好爆粗口,好打架!你可能不知道他是谁,但知道后一定扑通就跪下了!今天不能不说说他!",https://weixin.sogou.com/link?url=dn9a_-gY295K0Rci_xozVXfdMkSQTLW6cwJThYulHEtVjXrGTiVgSziln4oLtJd_mwlkxAIKPhMnWnzBnTuUQ1qXa8Fplpd9XgMFuPTf3oZr-tQqjar_s6fXlDbFltCjB-3qaXx36Sd7TUZyKZUzaHBHiTYVQL1fvnByRm2rRCWAdFAJWni-Mvqg07tjxyOb2U1U_GKfAH5Rp3PAzP_uqr4qdwsryyV7_NWTkgenZjliI2hLD4No0wXqyDUO2eFcvgBwKoRuDDp6VKrzu_4XKA..&type=2&query=%E8%B7%AF%E8%A7%85%E8%AE%BA%E6%96%87&token=E16725D9C566EE462A2C6CE9F23761F12A2F0D38693CF4F1,,"论文题目为《粤语流行曲的发展与兴衰:香港流行音乐研究(1949─1997)》,论文中痛陈了香港流行音乐的衰败,行业短视,水平...","论文题目为《粤语流行曲的发展与兴衰:香港流行音乐研究(1949─1997)》,论文中痛陈了香港流行音乐的衰败,行业短视,水平...",,0,0,False,0,
搜狗微信,路觅,路觅论文,直播预告:AI 辅助学术写作的正确打开方式!更有专属写作资料免费领!,https://weixin.sogou.com/link?url=dn9a_-gY295K0Rci_xozVXfdMkSQTLW6cwJThYulHEtVjXrGTiVgSziln4oLtJd_mwlkxAIKPhMnWnzBnTuUQ1qXa8Fplpd9s39HQNib_ZE6aAtm-mcHQheX83suAvzSWD9LJ29Gz-OkU9S0AdUNDYwtEtmtLBasdh_osbyh0GbHaLptLRzyW6XlcRLGuHGevwKMyI1TF0L_JI1dhYzG6JWtvPuQIiQy3l6iZPrH0dWEvMmbluXJUz67V-VoghFb6wue6bXtZhEHpHkoPMgL3A..&type=2&query=%E8%B7%AF%E8%A7%85%E8%AE%BA%E6%96%87&token=E16725D9C566EE462A2C6CE9F23761F12A2F0D38693CF4F1,,"期末来临,留子们面对数不清的论文与报告,是不是想用AI高效完成学术写作还不踩学术不端雷区?路觅教育在12月17日(下周三)20...","期末来临,留子们面对数不清的论文与报告,是不是想用AI高效完成学术写作还不踩学术不端雷区?路觅教育在12月17日(下周三)20...",,0,0,False,0,
搜狗微信,路觅,路觅论文,"开学后才发现,在澳洲留学没提前预习的后果,竟然是……",https://weixin.sogou.com/link?url=dn9a_-gY295K0Rci_xozVXfdMkSQTLW6cwJThYulHEtVjXrGTiVgSziln4oLtJd_mwlkxAIKPhMnWnzBnTuUQ1qXa8Fplpd9PEbD1Ie_qqhXYpusSUG3z7xfQdb3Bh3XGGsiJMTvRJMXjABaTJdfW5q3BnamPBOjrSjANBLHKOvAghgbGVpbRC15_Qq9VIRsbT9vgnMjVt6wDgJyd7f7oI45KEHZPZhJNoLG7nJ9MVGuaSxUIvyIQ8zRE37Jdq-FeD0trmJ2MParCDCayYmfpA..&type=2&query=%E8%B7%AF%E8%A7%85%E8%AE%BA%E6%96%87&token=E16725D9C566EE462A2C6CE9F23761F12A2F0D38693CF4F1,,"01课程亮点路觅预习班课的导师均来自悉大、墨大等澳洲G8硕博背景,不仅学术实力过硬,而且教学经验丰富,更懂澳洲各大学科考...","01课程亮点路觅预习班课的导师均来自悉大、墨大等澳洲G8硕博背景,不仅学术实力过硬,而且教学经验丰富,更懂澳洲各大学科考...",,0,0,False,0,
搜狗微信,路觅,路觅课程,重磅官宣!路觅教育「AI课程报告」正式上线啦,https://weixin.sogou.com/link?url=dn9a_-gY295K0Rci_xozVXfdMkSQTLW6cwJThYulHEtVjXrGTiVgSziln4oLtJd_QwzfgRAAElInWnzBnTuUQ1qXa8Fplpd9v_nlth45BdbGcjPE2ekU4nqLOtYQypJcZAU6roy2W_-6fKL3XLWST7KtP08MdwyLr7ah0H6jKWnblHs24oFSM9inEBKIHomoE-F-CEEbmNCpiMlHRQh6L_DBHxKK2bpLNaShCjAcw0iJ-zrCs7DwGaAJfUuA-IgY9tNpFTIH7_v0OK9DLfgmPA..&type=2&query=%E8%B7%AF%E8%A7%85%E8%AF%BE%E7%A8%8B&token=E1674961C566EE462A2C6CE9F23761F12A2F0D38693CF4FA,,"路觅正式推出了「AI课程报告」功能,从现在开始,我们将用数据化、智能化的力量,让学习过程清晰透明、复习快速有方向、服务价...","路觅正式推出了「AI课程报告」功能,从现在开始,我们将用数据化、智能化的力量,让学习过程清晰透明、复习快速有方向、服务价...",,0,0,False,0,
搜狗微信,路觅,路觅课程,"关于路觅留学生课程辅导,你不能不知道的6件事",https://weixin.sogou.com/link?url=dn9a_-gY295K0Rci_xozVXfdMkSQTLW6cwJThYulHEtVjXrGTiVgSziln4oLtJd_QwzfgRAAElInWnzBnTuUQ1qXa8Fplpd9PEbD1Ie_qqhXYpusSUG3z7xfQdb3Bh3XGGsiJMTvRJMXjABaTJdfWw4w-hk6Tge_qLP2iWYyzwdMKYJxrZ-9DH7c5vg2pobqIzA3uQBF5vRpcKf_ytcKCvgAj26cs4DITDsu35JyEK509ps103v-lswFRY6BZVU2iYSAGa8Ub7Pm0CtGSSkZQQ..&type=2&query=%E8%B7%AF%E8%A7%85%E8%AF%BE%E7%A8%8B&token=E1674961C566EE462A2C6CE9F23761F12A2F0D38693CF4FA,,,,,0,0,False,0,
搜狗微信,路觅,路觅课程,【教师发展】采撷一路觅芬芳 共谱课改新篇章——温江区江安路学校《着力小组建设 助推“体验式”课堂》专题培训,https://weixin.sogou.com/link?url=dn9a_-gY295K0Rci_xozVXfdMkSQTLW6cwJThYulHEtVjXrGTiVgSziln4oLtJd_QwzfgRAAElInWnzBnTuUQ1qXa8Fplpd97VYRYwLiaUxnFJLvIdYjMRyeNzuxQ8yOped818yMEK3pxiEvNdE0C1-2jtA3LUwjuVBm26e0f4PoHcmaFRNB7EH2wuA7VZrnaOuCRPmcFaqKyorjbRfWzfrI8MM4btiR9FXL3ymZIPd46wZJgZdSOg-qRtRf9js97x_YNn_TWlrYl_Q5RRZQjg..&type=2&query=%E8%B7%AF%E8%A7%85%E8%AF%BE%E7%A8%8B&token=E1674961C566EE462A2C6CE9F23761F12A2F0D38693CF4FA,,"采撷一路觅芬芳共谱课改新篇章《着力小组建设 助推“体验式”课堂》专题培训为推进课堂教学模式的探索与实践,助推我校课程改...","采撷一路觅芬芳共谱课改新篇章《着力小组建设 助推“体验式”课堂》专题培训为推进课堂教学模式的探索与实践,助推我校课程改...",,0,0,False,0,
搜狗微信,路觅,路觅 挂科,原来大家都有“秘密武器”?!——揭秘留学生的顶级学业安全感来源,https://weixin.sogou.com/link?url=dn9a_-gY295K0Rci_xozVXfdMkSQTLW6cwJThYulHEtVjXrGTiVgSziln4oLtJd_nYUwAm25rJ4nWnzBnTuUQ1qXa8Fplpd9PEbD1Ie_qqhXYpusSUG3z7xfQdb3Bh3XGGsiJMTvRJMXjABaTJdfW1lJ2FwlFXJoUIwA-Myvlnb2GhQGDQr0IViguxmrBmVKbuxv4ok9kRj8OdHy8dFqYQCpaHvbzaaIMJEAJQKaHXegwD3Fk-FpA6uQTRM_iw97po3jdxeoWNyTJmCU1UgHwQ..&type=2&query=%E8%B7%AF%E8%A7%85 %E6%8C%82%E7%A7%91&token=E1676EEAC566EE462A2C6CE9F23761F12A2F0D38693CF503,,"如最终未达协议目标,可按协议退滑动查看更多路觅顶级护航:守护留学生全方位学业无忧无论是为了补救成绩,不想挂科;还是为了...","如最终未达协议目标,可按协议退滑动查看更多路觅顶级护航:守护留学生全方位学业无忧无论是为了补救成绩,不想挂科;还是为了...",,0,0,False,0,
搜狗微信,路觅,路觅 挂科,"【CSSA 推广】重要通知!伯大毕业危机再现,一批学生被卡在最后一步!",https://weixin.sogou.com/link?url=dn9a_-gY295K0Rci_xozVXfdMkSQTLW6cwJThYulHEtVjXrGTiVgSziln4oLtJd_nYUwAm25rJ4nWnzBnTuUQ1qXa8Fplpd9UE4g1RHgqPCH4uhFiuQ6_kzSbwz3OWWfL_gBQhPofYNYNjpsnOVJrwHBv85BoFp9gEwX4fvkbazE1mfteXMlxTaLZmLjMUDqoqX-q6ZHUqr__oSYDAQv1Llywn-EuUN2k8Ra_tVDwHRTQp2XTxDtjem_HHVW3ZWnM1VB-6r7Neu54z_tGSZTqA..&type=2&query=%E8%B7%AF%E8%A7%85 %E6%8C%82%E7%A7%91&token=E1676EEAC566EE462A2C6CE9F23761F12A2F0D38693CF503,,"可以看一下路觅申诉组怎么为伯明翰同学解决退学难题的��同学情况:A同学因主修课程补考后挂科,收到学校官方通知邮件,面临...","可以看一下路觅申诉组怎么为伯明翰同学解决退学难题的��同学情况:A同学因主修课程补考后挂科,收到学校官方通知邮件,面临...",,0,0,False,0,
搜狗微信,路觅,路觅 挂科,沙利文发布《中国海外大学课程辅导行业白皮书》,https://weixin.sogou.com/link?url=dn9a_-gY295K0Rci_xozVXfdMkSQTLW6cwJThYulHEtVjXrGTiVgSziln4oLtJd_nYUwAm25rJ4nWnzBnTuUQ1qXa8Fplpd96Yd6LKh1DWyy0VWzkECL_dVX9FJhMsRwZ23-C8zTkz16pqNxoFT6FQGsAcosSw28IAVclkSjd_iIl1sXiA5Bwa-jZJIZtON13mA-Of8qxTgYPTZsjnGkn1NO1aGHoovYuJShlRCVqPdbjjI-LNxrv2hqRrQtVCQE9pwwrvJAOGde0WC6Sbi7DA..&type=2&query=%E8%B7%AF%E8%A7%85 %E6%8C%82%E7%A7%91&token=E1676EEAC566EE462A2C6CE9F23761F12A2F0D38693CF503,,"帮助学生应对挂科、警告等高风险情况,构建起集学业提升、合规... 路觅教育作为专业辅导机构,拥有成熟的导师招聘与培训流程,...","帮助学生应对挂科、警告等高风险情况,构建起集学业提升、合规... 路觅教育作为专业辅导机构,拥有成熟的导师招聘与培训流程,...",,0,0,False,0,
搜狗微信,路觅,路觅 GPA,寻寻觅觅樱花路——专访定向越野项目组长涂佳妮,https://weixin.sogou.com/link?url=dn9a_-gY295K0Rci_xozVXfdMkSQTLW6ft3wfAVofsP5Peu-UiA4DHUoCY5KNy1Uzsax1HxTr1-VgrFeYQugDhSoLuGSUM7ChowmCghxvAZZgroXHNI8DCcevmytpM6ZVf2KFofsozYAxLozo_HRAB4Fnpx22KsOwypCRc1UFrZ5mVPA-sq-8iL6ENOApBGm_TxXqnAPQvigXCfl8f46gZxZ87EID-22ZOd0m5wQfD-VGI7JUrE30s5h3xmotTR2hEbrFdOmujjlhx8-o_3WnUodsGaajf1q07LrFYdwjFU.&type=2&query=%E8%B7%AF%E8%A7%85 GPA&token=E1679667C566EE462A2C6CE9F23761F12A2F0D38693CF50C,,"(好奇宝宝状~)定向越野是在科大众多活动中的一朵奇葩,无关学术,无关GPA或者出国.因此我觉得这个活动可能更接近我加入学...","(好奇宝宝状~)定向越野是在科大众多活动中的一朵奇葩,无关学术,无关GPA或者出国.因此我觉得这个活动可能更接近我加入学...",,0,0,False,0,
搜狗微信,路觅,路觅 GPA,"懒人留学生想拿GPA4.0,没点心机怎么行️",https://weixin.sogou.com/link?url=dn9a_-gY295K0Rci_xozVXfdMkSQTLW6cwJThYulHEtVjXrGTiVgSziln4oLtJd_qiU2ysSZ6tEnWnzBnTuUQ1qXa8Fplpd9AiLRvPIlzI0lTLERijQMg4jtUxWjrpvK_LFI0Xto4SjVXmo5Lpol3KE6eRZcK7_xk5jkn7vYIoB5JSmVDhZqaa-9etKhNuix9Rsnkw4k3qlipn7l_-r53I-wJ2bpcz9Y5laxJck1T-QFX7-MJDmsKRe9Mt5gqAMh4zRhvWEmLHHf3q8uRDTfkw..&type=2&query=%E8%B7%AF%E8%A7%85 GPA&token=E1679667C566EE462A2C6CE9F23761F12A2F0D38693CF50C,,"了解1v1辅导课程,轻松提升GPA!路觅教育 | 专注海外大学辅导更多案例请查看主页#路觅教育 #留学生 #GPA","了解1v1辅导课程,轻松提升GPA!路觅教育 | 专注海外大学辅导更多案例请查看主页#路觅教育 #留学生 #GPA",,0,0,False,0,
搜狗微信,路觅,路觅 GPA,原来大家都有“秘密武器”?!——揭秘留学生的顶级学业安全感来源,https://weixin.sogou.com/link?url=dn9a_-gY295K0Rci_xozVXfdMkSQTLW6cwJThYulHEtVjXrGTiVgSziln4oLtJd_qiU2ysSZ6tEnWnzBnTuUQ1qXa8Fplpd9PEbD1Ie_qqhXYpusSUG3z7xfQdb3Bh3XGGsiJMTvRJMXjABaTJdfW1lJ2FwlFXJoUIwA-Myvlnb2GhQGDQr0ITCxU8hbp4n22OfSSoisO4v36Y4HqpCux1LbRB9O3IbHhMAi8vh2piHoAOZJQlf7wbvMYcm_r7wNC9OEmCiDQE8HpHkoPMgL3A..&type=2&query=%E8%B7%AF%E8%A7%85 GPA&token=E1679667C566EE462A2C6CE9F23761F12A2F0D38693CF50C,,"还是为了冲高GPA,申请名校研究生,得到大厂Offer,路觅1v1课程辅导都是能让留学生少走弯路,为留学生全程托底的顶尖选择.我...","还是为了冲高GPA,申请名校研究生,得到大厂Offer,路觅1v1课程辅导都是能让留学生少走弯路,为留学生全程托底的顶尖选择.我...",,0,0,False,0,
搜狗微信,路觅,路觅 GPA,直播预告!2025年英联邦研究生申请全攻略!手把手带你做好申请全程规划!,https://weixin.sogou.com/link?url=dn9a_-gY295K0Rci_xozVXfdMkSQTLW6cwJThYulHEtVjXrGTiVgSziln4oLtJd_qiU2ysSZ6tEnWnzBnTuUQ1qXa8Fplpd9JsgfWYhqmPWV4Qd8abwOoAJuBqO6GS-WxQgNPQ9LOQqeoJjEu-V1QhcX0uSlFDcuE_sYd-tb6J0sOHvgJT-alXUr0_z3k5wDdYiKTQNo887U4BF4h4ZKAIIXYSmqgv45hu_C8y9NRRXcEswnRvgqP_aVmupxClyPx1eB6ppKOn71AfaFW2DefQ..&type=2&query=%E8%B7%AF%E8%A7%85 GPA&token=E1679667C566EE462A2C6CE9F23761F12A2F0D38693CF50C,,以「路觅留学公开课」视频号线上直播的形式举行.快快点击下方... GPA竞争激烈部分专业/热门学校对海本申请门槛更高海本申请人...,以「路觅留学公开课」视频号线上直播的形式举行.快快点击下方... GPA竞争激烈部分专业/热门学校对海本申请门槛更高海本申请人...,,0,0,False,0,
搜狗微信,路觅,路觅 GPA,10.23 国际教育快报 | AP报名开启、芝大ED0放榜、哈佛财政赤字、英国PSW签证缩短有效期...,https://weixin.sogou.com/link?url=dn9a_-gY295K0Rci_xozVXfdMkSQTLW6cwJThYulHEtVjXrGTiVgSziln4oLtJd_qiU2ysSZ6tEnWnzBnTuUQ1qXa8Fplpd9s39HQNib_ZE6aAtm-mcHQheX83suAvzSWD9LJ29Gz-OkU9S0AdUNDQgPchQ0shokzyLrFsyNw_PvVbTuRvMmdL01VHGbLpluXfiAyCy1PaclHnHBotSh940VX5igiboX6OlwzekBlTJQAQFxFdvUw-O18hTFLjjSkU4YpqxIYdX0OK9DLfgmPA..&type=2&query=%E8%B7%AF%E8%A7%85 GPA&token=E1679667C566EE462A2C6CE9F23761F12A2F0D38693CF50C,,"20251023@路觅国际教育路觅国际教育快报打破留学信息差 3分... 提交标化成绩的学生,本科阶段平均GPA更高、辍学率更低,尤其...","20251023@路觅国际教育路觅国际教育快报打破留学信息差 3分... 提交标化成绩的学生,本科阶段平均GPA更高、辍学率更低,尤其...",,0,0,False,0,
搜狗微信,考而思,考而思留学,一站式留学生海外课程辅导中心「考而思教育」招聘,https://weixin.sogou.com/link?url=dn9a_-gY295K0Rci_xozVXfdMkSQTLW6cwJThYulHEtVjXrGTiVgSziln4oLtJd_2k9zlnjuD14nWnzBnTuUQ1qXa8Fplpd9kc0q86Ljn5_cDTOPHjv1dCKY6HoNvMAYxJ7dLEJF65sJ8_wJjLc-vx3IGNKYsv08Ce1fNr7iX2y9vl1bjLjweoN1X2-XG4lUdoGpYmx_Ow7qF_r8N9qYSOnsHf3VUBeobCwIJf3ZoZeStmKfTHoMdV30A3zLnsVbqlwSHjgRlBVAe0f8bRARvQ..&type=2&query=%E8%80%83%E8%80%8C%E6%80%9D%E7%95%99%E5%AD%A6&token=E167CADEC566EE462A2C6CE9F23761F12A2F0D38693CF517,,"考而思教育致力于解决中国留学生在海外留学中遇到的学习难题,并根据学生的具体课业情况提供有效的辅导方案.公司已经发展成为...","考而思教育致力于解决中国留学生在海外留学中遇到的学习难题,并根据学生的具体课业情况提供有效的辅导方案.公司已经发展成为...",,0,0,False,0,
搜狗微信,考而思,考而思留学,重磅!2022年度考而思留学辅导独家报告!,https://weixin.sogou.com/link?url=dn9a_-gY295K0Rci_xozVXfdMkSQTLW6cwJThYulHEtVjXrGTiVgSziln4oLtJd_2k9zlnjuD14nWnzBnTuUQ1qXa8Fplpd9oZ4RvNjK3nu-FlsJqnf7v_26ZbGZIcIsFQSnyGNcDfxc2duhJm3kPuI97FVzJX7FAzIFLkXtihMC0ySgA2r0ri5-mx7Co8mgaiRZ7_xhYzAFs1c35wXtm_621J8FfQ2BBj7Bnko8z1wghTCy08aj9jwa4d4Z4GcjmLu-f4AdFePm0CtGSSkZQQ..&type=2&query=%E8%80%83%E8%80%8C%E6%80%9D%E7%95%99%E5%AD%A6&token=E167CADEC566EE462A2C6CE9F23761F12A2F0D38693CF517,,"在刚刚过去的2022年,考而思教育以100%的市场增长,累计帮助数十万中国留学生“提分考而思,学成of course”.我们在暖春如期...","在刚刚过去的2022年,考而思教育以100%的市场增长,累计帮助数十万中国留学生“提分考而思,学成of course”.我们在暖春如期...",,0,0,False,0,
搜狗微信,考而思,考而思留学,"知识盲盒已就位,宝藏干货每日拆 | 考而思留学课堂",https://weixin.sogou.com/link?url=dn9a_-gY295K0Rci_xozVXfdMkSQTLW6cwJThYulHEtVjXrGTiVgSziln4oLtJd_2k9zlnjuD14nWnzBnTuUQ1qXa8Fplpd9oZ4RvNjK3nu-FlsJqnf7v_26ZbGZIcIsFQSnyGNcDfxc2duhJm3kPgy_qb2Zu3HqKe2CRtNwPmMriK5iphGrhG4VcrPZ-dGmy40w7DgF0oO4j2vYmvdpIY9RVYsYq93SDf78ge2zSQqbXhy5Pkg20e7V57S1Si_mdKEx6S1fTINf_71bqkOtiw..&type=2&query=%E8%80%83%E8%80%8C%E6%80%9D%E7%95%99%E5%AD%A6&token=E167CADEC566EE462A2C6CE9F23761F12A2F0D38693CF517,,"THE END写|在|最|后如果你想了解更多留学知识,欢迎给U虎教授留言,U虎教授可能会选中你的问题并解答哦!如果你在因课业考而...","THE END写|在|最|后如果你想了解更多留学知识,欢迎给U虎教授留言,U虎教授可能会选中你的问题并解答哦!如果你在因课业考而...",,0,0,False,0,
搜狗微信,考而思,考而思留学,"考而思教育集团朱艳君,确定参加灯叔留学行业峰会-大湾区站",https://weixin.sogou.com/link?url=dn9a_-gY295K0Rci_xozVXfdMkSQTLW6cwJThYulHEtVjXrGTiVgSziln4oLtJd_2k9zlnjuD14nWnzBnTuUQ1qXa8Fplpd9rdr496DUcjom2E2jS4y_eReu_7PjOtzlmDt8EOnO92mkrqPbgeBFxdcPugZNVXLqnexLsDFMySM6uZZqvoQuulq6crkmVta8G6rtGImKQwjNG9MKojh9p1Ft3IYCnsBd4Ok6lL-0--gyEiD1cPL6WvGR6WBprXtnTQX_L5UFz_2E8RsmObDbtQ..&type=2&query=%E8%80%83%E8%80%8C%E6%80%9D%E7%95%99%E5%AD%A6&token=E167CADEC566EE462A2C6CE9F23761F12A2F0D38693CF517,,"2024年创办 “灯叔留学行业峰会”,已在北京(2场)、上海、深圳(2场)、成都等地举办六届;峰会聚焦实战分享、圆桌讨论、晚...","2024年创办 “灯叔留学行业峰会”,已在北京(2场)、上海、深圳(2场)、成都等地举办六届;峰会聚焦实战分享、圆桌讨论、晚...",,0,0,False,0,
搜狗微信,考而思,考而思留学,"第六届灯叔留学行业峰会圆满落幕:深耕国际教育,赋能行业成长",https://weixin.sogou.com/link?url=dn9a_-gY295K0Rci_xozVXfdMkSQTLW6cwJThYulHEtVjXrGTiVgSziln4oLtJd_2k9zlnjuD14nWnzBnTuUQ1qXa8Fplpd9rdr496DUcjom2E2jS4y_eReu_7PjOtzlmDt8EOnO92mkrqPbgeBFxYzm1i7y-FEdlkExpMM31ohGtSU006iJ0WdFic_JyqRf1R8wyKFOnNl-Vhm5dS_gfXzBiDbYXtpzf4IofMTz6JM6v47cKkSx2Mx8gsiSm1Pt7h0D8vLznOJe0WC6Sbi7DA..&type=2&query=%E8%80%83%E8%80%8C%E6%80%9D%E7%95%99%E5%AD%A6&token=E167CADEC566EE462A2C6CE9F23761F12A2F0D38693CF517,,"考而思教育集团 姜雨薇姜雨薇在第六届灯叔留学行业峰会上以 “AI 时代下的学术新趋势” 为主题展开分享,结合考而思 17 年海外课...","考而思教育集团 姜雨薇姜雨薇在第六届灯叔留学行业峰会上以 “AI 时代下的学术新趋势” 为主题展开分享,结合考而思 17 年海外课...",,0,0,False,0,
搜狗微信,考而思,考而思辅导,一站式留学生海外课程辅导中心「考而思教育」招聘,https://weixin.sogou.com/link?url=dn9a_-gY295K0Rci_xozVXfdMkSQTLW6cwJThYulHEtVjXrGTiVgSziln4oLtJd_UpN1Xv8mLaEnWnzBnTuUQ1qXa8Fplpd9kc0q86Ljn5_cDTOPHjv1dCKY6HoNvMAYxJ7dLEJF65sJ8_wJjLc-vx3IGNKYsv08Ce1fNr7iX2y9vl1bjLjwet34znKoV4Tw5q4hJ1RMUoV612XxoXvoFhS4qJ1O2Rp_l8u3HUUXmRSpgmy2gq1Hz965j7zv4WWAxtY-366ABOSfxjh3za6jWA..&type=2&query=%E8%80%83%E8%80%8C%E6%80%9D%E8%BE%85%E5%AF%BC&token=E167F61BC566EE462A2C6CE9F23761F12A2F0D38693CF521,,"考而思教育致力于解决中国留学生在海外留学中遇到的学习难题,并根据学生的具体课业情况提供有效的辅导方案.公司已经发展成为...","考而思教育致力于解决中国留学生在海外留学中遇到的学习难题,并根据学生的具体课业情况提供有效的辅导方案.公司已经发展成为...",,0,0,False,0,
搜狗微信,考而思,考而思辅导,"考而思1V1作业辅导,帮助中国留学生攻克作业难关",https://weixin.sogou.com/link?url=dn9a_-gY295K0Rci_xozVXfdMkSQTLW6cwJThYulHEtVjXrGTiVgSziln4oLtJd_UpN1Xv8mLaEnWnzBnTuUQ1qXa8Fplpd9oZ4RvNjK3nu-FlsJqnf7v_26ZbGZIcIsFQSnyGNcDfxc2duhJm3kPpw2b1Mxh1KB7YiYUZrBaT1dU_1_AIIPPo3MyEaMPEyAbPl7X2hRnZr2sBTkxOqW56XKoeCjZQKvWnDWhYT0KUB87GNnnydeCEEpM2fYu6yglrSLBLCmgLHwdVqCwyPdzA..&type=2&query=%E8%80%83%E8%80%8C%E6%80%9D%E8%BE%85%E5%AF%BC&token=E167F61BC566EE462A2C6CE9F23761F12A2F0D38693CF521,,"考而思作业辅导部分好评相信在考而思教育学术导师的帮助下,无论在国外面对何种作业形式,同学们都不会有惧怕心理,都能充满信...","考而思作业辅导部分好评相信在考而思教育学术导师的帮助下,无论在国外面对何种作业形式,同学们都不会有惧怕心理,都能充满信...",,0,0,False,0,
搜狗微信,考而思,考而思辅导,"考而思教育集团朱艳君,确定参加灯叔留学行业峰会-大湾区站",https://weixin.sogou.com/link?url=dn9a_-gY295K0Rci_xozVXfdMkSQTLW6cwJThYulHEtVjXrGTiVgSziln4oLtJd_UpN1Xv8mLaEnWnzBnTuUQ1qXa8Fplpd9rdr496DUcjom2E2jS4y_eReu_7PjOtzlmDt8EOnO92mkrqPbgeBFxdcPugZNVXLqnexLsDFMySM6uZZqvoQuuuyh9EkTPOqflW6KLoTzkUFRfcB9jBxNylO9QbhxYgxrQrXcbDA8exdmHVxA--F38UhMI8SwJy8FyV2L2SOq3Cw89kyxDwoXvg..&type=2&query=%E8%80%83%E8%80%8C%E6%80%9D%E8%BE%85%E5%AF%BC&token=E167F61BC566EE462A2C6CE9F23761F12A2F0D38693CF521,,"她会结合自身做号的经验,以及辅导上千个案例来告诉你,不是说粉丝多就是好的思维,其实百粉也能稳定获客,也会讲真正的实操....","她会结合自身做号的经验,以及辅导上千个案例来告诉你,不是说粉丝多就是好的思维,其实百粉也能稳定获客,也会讲真正的实操....",,0,0,False,0,
搜狗微信,考而思,考而思辅导,"思而学辅导月考哪些事#考得好,考得差,怎么办?",https://weixin.sogou.com/link?url=dn9a_-gY295K0Rci_xozVXfdMkSQTLW6cwJThYulHEtVjXrGTiVgSziln4oLtJd_UpN1Xv8mLaEnWnzBnTuUQ1qXa8Fplpd90JOlr8MEL3Cw8WmEZ-A-85a0LjxKefgixVJS0xFo4qMrOiKa862Y2vDRxe-0KmNb1xBr2wiP0yAXBAYnkPjNhLfqzAwArqsaX9-l3deyxaV2LL9QjXK6gYAgyOdcEz_s0Xac0tNe5XHzunt6Cl7aRKF8hOXdrATuVg8_LuNHoU600NVofL2iDw..&type=2&query=%E8%80%83%E8%80%8C%E6%80%9D%E8%BE%85%E5%AF%BC&token=E167F61BC566EE462A2C6CE9F23761F12A2F0D38693CF521,,"思而学辅导月考哪些事#考得好,考得差,怎么办?看到这些熊孩子的考虑,老师的内心是奔溃的我想平时再和蔼可亲的老师,在看到...","思而学辅导月考哪些事#考得好,考得差,怎么办?看到这些熊孩子的考虑,老师的内心是奔溃的我想平时再和蔼可亲的老师,在看到...",,0,0,False,0,
搜狗微信,考而思,考而思网课,考而思小课堂:教你如何进行SWOT分析,https://weixin.sogou.com/link?url=dn9a_-gY295K0Rci_xozVXfdMkSQTLW6cwJThYulHEtVjXrGTiVgSziln4oLtJd_TUsTDn5ZqG0nWnzBnTuUQ1qXa8Fplpd9oZ4RvNjK3nu-FlsJqnf7v_26ZbGZIcIsFQSnyGNcDfxc2duhJm3kPoYxq23VsSm9Zvx_hIaYJ9wwRxLzFcVqyM_NpkytaxuJCdzBPV2qgPDL_cNpvTvDx38qaDvstzEHK0VkDYj2Xt5ujQeT_qU5oxgpHAorjZth-fwFVHnDJsNe0WC6Sbi7DA..&type=2&query=%E8%80%83%E8%80%8C%E6%80%9D%E7%BD%91%E8%AF%BE&token=E1682033C566EE462A2C6CE9F23761F12A2F0D38693CF52A,,"你们最喜爱的的小助手又来喽,今天还是照例,干货先行,首先给大家带来考而思小课堂今天的知识点分享.大学主修管理方向的同学...","你们最喜爱的的小助手又来喽,今天还是照例,干货先行,首先给大家带来考而思小课堂今天的知识点分享.大学主修管理方向的同学...",,0,0,False,0,
搜狗微信,考而思,考而思网课,一站式留学生海外课程辅导中心「考而思教育」招聘,https://weixin.sogou.com/link?url=dn9a_-gY295K0Rci_xozVXfdMkSQTLW6cwJThYulHEtVjXrGTiVgSziln4oLtJd_TUsTDn5ZqG0nWnzBnTuUQ1qXa8Fplpd9kc0q86Ljn5_cDTOPHjv1dCKY6HoNvMAYxJ7dLEJF65sJ8_wJjLc-vx3IGNKYsv08Ce1fNr7iX2y9vl1bjLjwep9hft-i_Jdsd83SsqUdqI_bQuxCKCEvZNah9HcKZKg6p-aX-xPmTk-I7QIfH_PDOu6ChnxsDZRj0tAUR8drYGWTJmCU1UgHwQ..&type=2&query=%E8%80%83%E8%80%8C%E6%80%9D%E7%BD%91%E8%AF%BE&token=E1682033C566EE462A2C6CE9F23761F12A2F0D38693CF52A,,"北京考而思教育咨询有限公司COMPANY PORTFOLIO北京考而思教育咨询有限公司于2016年成立于中国北京,其前身是成立于英国伦...","北京考而思教育咨询有限公司COMPANY PORTFOLIO北京考而思教育咨询有限公司于2016年成立于中国北京,其前身是成立于英国伦...",,0,0,False,0,
搜狗微信,考而思,考而思网课,"考而思教育三重焕新升级,加倍助力中国留学生课业考提分",https://weixin.sogou.com/link?url=dn9a_-gY295K0Rci_xozVXfdMkSQTLW6cwJThYulHEtVjXrGTiVgSziln4oLtJd_TUsTDn5ZqG0nWnzBnTuUQ1qXa8Fplpd9oZ4RvNjK3nu-FlsJqnf7v_26ZbGZIcIsFQSnyGNcDfxc2duhJm3kPvooRz_icNHIFZJJDFXOgcJFrRCJ2oDs1PmQ1m5kd4NcLUb4MUrHH-6rb8e3geLzgeP_b5niAISJFgEXSWWAS6qfdnsESpBL5uXUlGCfkVxRrcD_S-G51W1Ae0f8bRARvQ..&type=2&query=%E8%80%83%E8%80%8C%E6%80%9D%E7%BD%91%E8%AF%BE&token=E1682033C566EE462A2C6CE9F23761F12A2F0D38693CF52A,,"“包括我在内的考而思教育核心创始团队,实际上是很早就出国留学的老一批留学生,我们对于海外留学生无法适应海外学术及语言环...","“包括我在内的考而思教育核心创始团队,实际上是很早就出国留学的老一批留学生,我们对于海外留学生无法适应海外学术及语言环...",,0,0,False,0,
搜狗微信,考而思,考而思网课,"季梁教苑||考而析得失,思而明未来——随州市季梁学校七八年级期中考试成绩分析会",https://weixin.sogou.com/link?url=dn9a_-gY295K0Rci_xozVXfdMkSQTLW6cwJThYulHEtVjXrGTiVgSziln4oLtJd_TUsTDn5ZqG0nWnzBnTuUQ1qXa8Fplpd9LeJBhB5x0CfWtjlvqva0XHdcGs-AuxOwMmCACSH7QHhEMuvFQ9GlXGH0MVgvs7-BaIaaplbyLlYSjBplL2jbFB9CgzUG6ec_JZYlms716TN9-ST_zl5KSMM6k3-3ElXlyn20F_DSLbTyrHHwbSdcwTTHNh7RMp3o-j7SN_mkoWx5Nu7CnoSqqg..&type=2&query=%E8%80%83%E8%80%8C%E6%80%9D%E7%BD%91%E8%AF%BE&token=E1682033C566EE462A2C6CE9F23761F12A2F0D38693CF52A,,"考而析得失,思而明未来——随州市季梁学校七八年级期中考试成绩分析会“日月不肯迟,四时相催迫”.为进一步优化教育教学,加...","考而析得失,思而明未来——随州市季梁学校七八年级期中考试成绩分析会“日月不肯迟,四时相催迫”.为进一步优化教育教学,加...",,0,0,False,0,
搜狗微信,考而思,考而思怎么样,考而思小课堂:教你如何进行SWOT分析,https://weixin.sogou.com/link?url=dn9a_-gY295K0Rci_xozVXfdMkSQTLW6cwJThYulHEtVjXrGTiVgSziln4oLtJd_gZ4Khe7QmGcnWnzBnTuUQ1qXa8Fplpd9oZ4RvNjK3nu-FlsJqnf7v_26ZbGZIcIsFQSnyGNcDfxc2duhJm3kPoYxq23VsSm9Zvx_hIaYJ9wwRxLzFcVqyBB8c0n9GW27XcW4dokHGnZer5Kymz1TpHeHWcwLywU-oipzhy8iVzn9Na520_jPK8fH-V-s9fmLnEgN75oro6PI3OTRHYU2og..&type=2&query=%E8%80%83%E8%80%8C%E6%80%9D%E6%80%8E%E4%B9%88%E6%A0%B7&token=E1684230C566EE462A2C6CE9F23761F12A2F0D38693CF533,,"首先给大家带来考而思小课堂今天的知识点分享.大学主修管理方向的同学,在学习企业管理时都会学到SWTO分析模型.SWOT分析...","首先给大家带来考而思小课堂今天的知识点分享.大学主修管理方向的同学,在学习企业管理时都会学到SWTO分析模型.SWOT分析...",,0,0,False,0,
搜狗微信,考而思,考而思怎么样,"我们考试是想办法怎样得高分, 而不是找很多理由证明自己不行.",https://weixin.sogou.com/link?url=dn9a_-gY295K0Rci_xozVXfdMkSQTLW6cwJThYulHEtVjXrGTiVgSziln4oLtJd_gZ4Khe7QmGcnWnzBnTuUQ1qXa8Fplpd9Ebh2kzGxWXL34bpNei3-OXnKxKmpeIhanLpEMT8CQEmjBsvORSTeFX0ZWcfH211q1MH8OjwLvbgtsSJmXS9i5tAIUvLmxVPNSLVHUO95I3y1pl5CYSVxuPwKPXU9GKXIx1fuL_lE2GO7vVwGodOccSe812OvpbuYDmzAt_Tr9UDs46dn8Efgxg..&type=2&query=%E8%80%83%E8%80%8C%E6%80%9D%E6%80%8E%E4%B9%88%E6%A0%B7&token=E1684230C566EE462A2C6CE9F23761F12A2F0D38693CF533,,"我们考试是想办法怎样得高分,而不是找很多理由证明自己不行.一个立体几何,它不会因为你不会而不考,与其次次找理由,不如集...","我们考试是想办法怎样得高分,而不是找很多理由证明自己不行.一个立体几何,它不会因为你不会而不考,与其次次找理由,不如集...",,0,0,False,0,
搜狗微信,考而思,考而思课程,澳洲的本科预科课程难不难?主要学什么?,https://weixin.sogou.com/link?url=dn9a_-gY295K0Rci_xozVXfdMkSQTLW6cwJThYulHEtVjXrGTiVgSziln4oLtJd_SmLjKmZfwEwnWnzBnTuUQ1qXa8Fplpd9oZ4RvNjK3nu-FlsJqnf7v_26ZbGZIcIsFQSnyGNcDfxc2duhJm3kPvfK1yK3q30-QiFWc4paA7Vaol6IMTWwVK9A48TqVioSI9aL9WYqDuDPvG7oYtfncHEpqlDvf7V-UZWM86VISpZJv7ErsQhGpxSMRREbURXBPf7A-nIkHiW00NVofL2iDw..&type=2&query=%E8%80%83%E8%80%8C%E6%80%9D%E8%AF%BE%E7%A8%8B&token=E16865F5C566EE462A2C6CE9F23761F12A2F0D38693CF53C,,"私信详情~∑*考而思能够为您提供针对性的澳洲预科课程辅导/专业课预习.✍如果你正面临着澳洲本科预科的学习挑战,并希望获得专...","私信详情~∑*考而思能够为您提供针对性的澳洲预科课程辅导/专业课预习.✍如果你正面临着澳洲本科预科的学习挑战,并希望获得专...",,0,0,False,0,
搜狗微信,考而思,考而思课程,贝赛思难考吗?课程难度大吗?,https://weixin.sogou.com/link?url=dn9a_-gY295K0Rci_xozVXfdMkSQTLW6cwJThYulHEtVjXrGTiVgSziln4oLtJd_SmLjKmZfwEwnWnzBnTuUQ1qXa8Fplpd94VRKdn_KRks-3nM40d5Oc9k1Db7qGYrflDRJkmiTW0wzziPl-X1r0IlBL9mDYLsKU372EaxrUOZCq9Ca6Yg86uhWUgiC83tSKGxphYSO_b6wsrflrV5cJ2zC96E7P5JkKj5IJ4yeexVadTFMrdgYHOVCxoKtBBzZ1QkkyrvYs0b2CsG6-xMgzQ..&type=2&query=%E8%80%83%E8%80%8C%E6%80%9D%E8%AF%BE%E7%A8%8B&token=E16865F5C566EE462A2C6CE9F23761F12A2F0D38693CF53C,,"4、贝赛思课程难吗?在对学校课程的描述中,贝校使用了“极具挑战性”、“高强度”、“最高期望值”等字眼,可想而知,贝赛思...","4、贝赛思课程难吗?在对学校课程的描述中,贝校使用了“极具挑战性”、“高强度”、“最高期望值”等字眼,可想而知,贝赛思...",,0,0,False,0,
搜狗微信,考而思,考而思 退费,重磅!2022年度考而思留学辅导独家报告!,https://weixin.sogou.com/link?url=dn9a_-gY295K0Rci_xozVXfdMkSQTLW6cwJThYulHEtVjXrGTiVgSziln4oLtJd_aqEdznkO_NYnWnzBnTuUQ1qXa8Fplpd9oZ4RvNjK3nu-FlsJqnf7v_26ZbGZIcIsFQSnyGNcDfxc2duhJm3kPuI97FVzJX7FAzIFLkXtihMC0ySgA2r0rikeZd_NUQ9OqMhb0jFgVnCdGW6fFcmH5se99hQW9brZ8YseqEeiJ92_b1DtqWMCQb89tg2vlrVSzo5n96LUi0pCy6umSSPEsg..&type=2&query=%E8%80%83%E8%80%8C%E6%80%9D %E9%80%80%E8%B4%B9&token=E1688D13C566EE462A2C6CE9F23761F12A2F0D38693CF545,,"在刚刚过去的2022年,考而思教育以100%的市场增长,累计帮助数十万中国留学生“提分考而思,学成of course”.我们在暖春如期...","在刚刚过去的2022年,考而思教育以100%的市场增长,累计帮助数十万中国留学生“提分考而思,学成of course”.我们在暖春如期...",,0,0,False,0,
搜狗微信,考而思,考而思 退费,"聚师网、曼且思遭学员投诉“虚假宣传、退款难” 销售过度承诺,或违规",https://weixin.sogou.com/link?url=dn9a_-gY295K0Rci_xozVXfdMkSQTLW6cwJThYulHEtVjXrGTiVgSziln4oLtJd_aqEdznkO_NYnWnzBnTuUQ1qXa8Fplpd9mHVuJN-Z4frR1MdwUYyo3rI5qICK1v3p8BrnCypqzn4iU0iRdokVPEjsRL5-L5QuCYQJ5Se1Vaq1bwmpVWAWUWFBRfY85eoSVwJ8FE3rA3lDjdB8Se-N13ezyT8GhyVTya7RIkfhX6RHZxSMVkpGKdZwgIZWIG25DDrIsUbEOY5hlgeRt7bSzA..&type=2&query=%E8%80%83%E8%80%8C%E6%80%9D %E9%80%80%E8%B4%B9&token=E1688D13C566EE462A2C6CE9F23761F12A2F0D38693CF545,,"暂不支持退费,请广大学员理解并支持.”吴女士贴出与课程服务老师的对话贴图课程老师给出的拒绝退费提示03曼且思报考费二次收...","暂不支持退费,请广大学员理解并支持.”吴女士贴出与课程服务老师的对话贴图课程老师给出的拒绝退费提示03曼且思报考费二次收...",,0,0,False,0,
搜狗微信,考而思,考而思 退费,"最后几天,基金从业考过退费班,即将启动!",https://weixin.sogou.com/link?url=dn9a_-gY295K0Rci_xozVXfdMkSQTLW6cwJThYulHEtVjXrGTiVgSziln4oLtJd_aqEdznkO_NYnWnzBnTuUQ1qXa8Fplpd94cBQ7T7t59H1aqf2u0ebSI2WcJh_Sa8IoVVwDG-LCZu09zgoZPisVpyrqUQ8cHQZ9Ao53XqHsfXnOEkNqyF0FsVEQLey0iBCiKXmD3waWJ0VCVypN0FHyncL7zR-vqADcXz9Oe5gBAGjPFZsG60QzCcZaPL9_M5slgRmtTtQfnHFcvUoAZZH7Q..&type=2&query=%E8%80%83%E8%80%8C%E6%80%9D %E9%80%80%E8%B4%B9&token=E1688D13C566EE462A2C6CE9F23761F12A2F0D38693CF545,,"全年仅此一期,全网唯一一家考过退费,加入我们,免费带你一考而过!(仅限50人,即将开班)决胜2021最后一次基金从业考试背...","全年仅此一期,全网唯一一家考过退费,加入我们,免费带你一考而过!(仅限50人,即将开班)决胜2021最后一次基金从业考试背...",,0,0,False,0,
搜狗微信,考而思,考而思 退费,"准留学生们内心崩溃:雅思托福退费停考,所有的计划彻底被打乱了...",https://weixin.sogou.com/link?url=dn9a_-gY295K0Rci_xozVXfdMkSQTLW6cwJThYulHEtVjXrGTiVgSziln4oLtJd_aqEdznkO_NYnWnzBnTuUQ1qXa8Fplpd9I1zCLwFiAYoOQZNXuet3WHbG0ml_ebcPmi5J8HgVqwVndpAAAju1W4FhiPvaLAC71IwkqQk2vHtvdCO3DAstzgkyKsrVMqXES8v-wsvXN-APRiUE5fY1x75dlbCKKPxYSBhFL4QHEUifS_2PtYNPNAn59qeCCvIh8gLFsGlsKABj32-j2KiwUw..&type=2&query=%E8%80%83%E8%80%8C%E6%80%9D %E9%80%80%E8%B4%B9&token=E1688D13C566EE462A2C6CE9F23761F12A2F0D38693CF545,,"对于线下的课程,培训机构根据学生们的需求,实行了退款或者转为线上课程.面对线上课程其实小月并不陌生.但变化就是之前的录...","对于线下的课程,培训机构根据学生们的需求,实行了退款或者转为线上课程.面对线上课程其实小月并不陌生.但变化就是之前的录...",,0,0,False,0,
搜狗微信,辅无忧,辅无忧留学,"【无忧留学专题】offer大满贯!GPA3.6,拿下UBC、圭尔夫多枚录取!",https://weixin.sogou.com/link?url=dn9a_-gY295K0Rci_xozVXfdMkSQTLW6cwJThYulHEtVjXrGTiVgSziln4oLtJd_0NoOuzaAe2wnWnzBnTuUQ1qXa8Fplpd9a61Qy5yD27xLwgKXHHrpCf9wSHtpt4w3xQW37FBHBScyrQbfXy0DfoBHL36TPyGiDM6XHvCVRM_jYFom0SeeYW-MXWtumc37gAax7DisMVfO6LzKrbqcz6OzGbBv6b6L24CVJFHVUJSD9_dhVUKVKUhbcngcyQAHgzmINYy17ZxhlgeRt7bSzA..&type=2&query=%E8%BE%85%E6%97%A0%E5%BF%A7%E7%95%99%E5%AD%A6&token=E168BCAEC566EE462A2C6CE9F23761F12A2F0D38693CF54F,,"L同学在大四时找到我们无忧留学规划申请加拿大研究生,5申5中,拿下offer大满贯!而在此前,L同学的本科转学申请也是通过我们申...","L同学在大四时找到我们无忧留学规划申请加拿大研究生,5申5中,拿下offer大满贯!而在此前,L同学的本科转学申请也是通过我们申...",,0,0,False,0,
搜狗微信,辅无忧,辅无忧留学,"放弃保研,喜提IC、埃默里和西北大学offer!无忧留学王老师带你get申请技巧!",https://weixin.sogou.com/link?url=dn9a_-gY295K0Rci_xozVXfdMkSQTLW6cwJThYulHEtVjXrGTiVgSziln4oLtJd_0NoOuzaAe2wnWnzBnTuUQ1qXa8Fplpd9a61Qy5yD27xLwgKXHHrpCf9wSHtpt4w3xQW37FBHBScyrQbfXy0DfoQpuU-XD1S4btjjXEWOZnZZiaBUeN1RrJu1wFZ1f5V82-aJEIp1aO9JSCvCMb5usnTepoH47LIA7YGJyaSUSoT6a9B9Ty7tOATQqShI_QC7O1AD-1VMLKVj32-j2KiwUw..&type=2&query=%E8%BE%85%E6%97%A0%E5%BF%A7%E7%95%99%E5%AD%A6&token=E168BCAEC566EE462A2C6CE9F23761F12A2F0D38693CF54F,,"今天,让我们无忧留学北京资深顾问王老师来给大家分享一下:在今年申请如此卷的情况下,如何成功拿到IC、西北和埃默里大学的录...","今天,让我们无忧留学北京资深顾问王老师来给大家分享一下:在今年申请如此卷的情况下,如何成功拿到IC、西北和埃默里大学的录...",,0,0,False,0,
搜狗微信,辅无忧,辅无忧留学,"北京选择美国硕士留学中介,实地考察报告出炉!",https://weixin.sogou.com/link?url=dn9a_-gY295K0Rci_xozVXfdMkSQTLW6cwJThYulHEtVjXrGTiVgSziln4oLtJd_0NoOuzaAe2wnWnzBnTuUQ1qXa8Fplpd9kuPJUuKCFLB-cSxLVefGmZdUU_R2NOh__zX4EEsLa5tkGb3DNMIEal6WfWrbpLVav2gCAWdHH3RWs0jLN2xE1ITBhoU9_HPFP_NRb7G9ViZZNSuc_kvVKDbctYniGlMFARWycQA_bNQTMV7pIggjmbR03SRDhJ9NNx5645lXV0hr1dbZWbKUeQ..&type=2&query=%E8%BE%85%E6%97%A0%E5%BF%A7%E7%95%99%E5%AD%A6&token=E168BCAEC566EE462A2C6CE9F23761F12A2F0D38693CF54F,,"作为一名通过无忧留学拿到康奈尔大学计算机硕士offer的申请人,我想结合自己的经历,聊聊美国硕士申请中那些不得不说的事,尤其...","作为一名通过无忧留学拿到康奈尔大学计算机硕士offer的申请人,我想结合自己的经历,聊聊美国硕士申请中那些不得不说的事,尤其...",,0,0,False,0,
搜狗微信,辅无忧,辅无忧留学,【招生简章】北京外国语大学网络教育学院英语国家硕士预科(商科方向),https://weixin.sogou.com/link?url=dn9a_-gY295K0Rci_xozVXfdMkSQTLW6cwJThYulHEtVjXrGTiVgSziln4oLtJd_0NoOuzaAe2wnWnzBnTuUQ1qXa8Fplpd9NBU72lB6ejW6CxnB0Jz2Rihn3tKFyQNtb2tRQeMxBDeVv0siC_BgH01MhW6hwaAiDNTKk4G5Khu1XjYgiQVL9mfjN5Kgh0G7gMArKcau0NAoFq_9DA1WWevpz18XQyM0XO7-ftqWz-enAbGsgXI-5jNbLBWP8aDOc09p7q5gVMdCy6umSSPEsg..&type=2&query=%E8%BE%85%E6%97%A0%E5%BF%A7%E7%95%99%E5%AD%A6&token=E168BCAEC566EE462A2C6CE9F23761F12A2F0D38693CF54F,,"02项目优势更专业的语言能力教学,助你留学无忧 课程教学由北京外国语大学教学团队承担,拥有国内一流的英语教学课程体系和...","02项目优势更专业的语言能力教学,助你留学无忧 课程教学由北京外国语大学教学团队承担,拥有国内一流的英语教学课程体系和...",,0,0,False,0,
搜狗微信,辅无忧,辅无忧留学,"免预科,免考研,医学专业本硕连读项目,九月直升入学,境外全程学习和生活辅助,无忧留学",https://weixin.sogou.com/link?url=dn9a_-gY295K0Rci_xozVXfdMkSQTLW6cwJThYulHEtVjXrGTiVgSziln4oLtJd_0NoOuzaAe2wnWnzBnTuUQ1qXa8Fplpd9vZBu0z_m20eB8zBMCEKYqDpKdQZssTKXZcXUkIQTg2K36RWZOhDEusl1pHH1d4J7F73-Tm19jjRWoJuqt7xCAi_swwmuxwLHB4VPaR3MB89a37_EANGIxr6wSCfvwISBw6UiM7BJqt9UOZhTzmFAZnF6rV05vdN5scV9hLH0mYfRtmyIGw2VAg..&type=2&query=%E8%BE%85%E6%97%A0%E5%BF%A7%E7%95%99%E5%AD%A6&token=E168BCAEC566EE462A2C6CE9F23761F12A2F0D38693CF54F,,医学专业优质留学项目免预科免考研英俄双语授课本硕连读(临床医学、口腔医学)境外整个学业期间全程生活和学习辅助秋明国立医...,医学专业优质留学项目免预科免考研英俄双语授课本硕连读(临床医学、口腔医学)境外整个学业期间全程生活和学习辅助秋明国立医...,,0,0,False,0,
搜狗微信,辅无忧,辅无忧辅导,"【学在中南•辅学】物电学霸考前辅导,答疑解惑考试无忧",https://weixin.sogou.com/link?url=dn9a_-gY295K0Rci_xozVXfdMkSQTLW6cwJThYulHEtVjXrGTiVgSziln4oLtJd_hpTkErriZBsnWnzBnTuUQ1qXa8Fplpd9Ko0QfsJR1UQQxSOYmZ5Cz6r_Iq6LsSFalJA8uwv16uTkr8Gkb0V22E8mCxvr62cyAp2RUoDgECO58Q1zJ_iPVhWRsCoUbEc2s9__bhkq2x0YPEtLxuHcmJurAx-v9vQeRoXr7KBjh8ySKMnrImith6ijC5ZuIqUqi0pZUNbNv9gC2Qmj7RgGwQ..&type=2&query=%E8%BE%85%E6%97%A0%E5%BF%A7%E8%BE%85%E5%AF%BC&token=E168EB06C566EE462A2C6CE9F23761F12A2F0D38693CF559,,学在中南 物电学霸の考前辅导 嘀嘀嘀!!!考试月来啦热爱学习的物电人你们心心念念的学霸辅导又上线啦!还在等什么?快来看看...,学在中南 物电学霸の考前辅导 嘀嘀嘀!!!考试月来啦热爱学习的物电人你们心心念念的学霸辅导又上线啦!还在等什么?快来看看...,,0,0,False,0,
搜狗微信,辅无忧,辅无忧辅导,【无忧教辅】教师学校承办“无忧教辅”课后辅导第一期培训,https://weixin.sogou.com/link?url=dn9a_-gY295K0Rci_xozVXfdMkSQTLW6cwJThYulHEtVjXrGTiVgSziln4oLtJd_hpTkErriZBsnWnzBnTuUQ1qXa8Fplpd91DMi-x6iKxMWtkkQWVNjKImMMA5qDbOb91QcZ9eolBrdpTkPAYS6OCwcBJY_8TEK_msGavD80ZoPBc6UnglndBcTc8pbjs2HD28_eRlRRHccEPnMS584xSagjc5xKLyU8HYP8MBbuVdkurNCAgN8xI3d0-QTigJKr-P0PqRzh_w6Ebq8fk9diw..&type=2&query=%E8%BE%85%E6%97%A0%E5%BF%A7%E8%BE%85%E5%AF%BC&token=E168EB06C566EE462A2C6CE9F23761F12A2F0D38693CF559,,"为贯彻落实《关于开展“无忧教辅”课后辅导志愿服务实施方案》精神,本着服务家长、服务学生宗旨,提升志愿者教辅队伍专业能力...","为贯彻落实《关于开展“无忧教辅”课后辅导志愿服务实施方案》精神,本着服务家长、服务学生宗旨,提升志愿者教辅队伍专业能力...",,0,0,False,0,
搜狗微信,辅无忧,辅无忧辅导,"第三届全国职业规划大赛华电校赛圆满落幕,菜鸟无忧助力学子逐梦远航",https://weixin.sogou.com/link?url=dn9a_-gY295K0Rci_xozVXfdMkSQTLW6cwJThYulHEtVjXrGTiVgSziln4oLtJd_hpTkErriZBsnWnzBnTuUQ1qXa8Fplpd9R3i_t1k_Tl_gkB13pE68edEZmp9nxQzmCwFVWGYbzUicLAo9CI-xdiya3SrTtfx1-H3SvnoCg2L4-mWQja71gRtE23BSWSIhtHIpHnw6gA9iYxu8YEFH1xe7USFRKnnZfZ44AO2TM4orbvuIcz8-ld6vvBAC1wpkVLKGz-tZez95Nu7CnoSqqg..&type=2&query=%E8%BE%85%E6%97%A0%E5%BF%A7%E8%BE%85%E5%AF%BC&token=E168EB06C566EE462A2C6CE9F23761F12A2F0D38693CF559,,"接下来,晋级省赛的选手将继续在菜鸟无忧的专项辅导下打磨方案,向更高舞台发起冲击.从校园到职场,从规划到践行,每一份清晰...","接下来,晋级省赛的选手将继续在菜鸟无忧的专项辅导下打磨方案,向更高舞台发起冲击.从校园到职场,从规划到践行,每一份清晰...",,0,0,False,0,
搜狗微信,辅无忧,辅无忧辅导,"昂立国际教育少儿托管班正式招生了!包吃包住包辅导课程,全程托管,家长无忧!",https://weixin.sogou.com/link?url=dn9a_-gY295K0Rci_xozVXfdMkSQTLW6cwJThYulHEtVjXrGTiVgSziln4oLtJd_hpTkErriZBsnWnzBnTuUQ1qXa8Fplpd9E_x7eAfO3a5BTS5VpzVuHYg0yQ3E-9wn4rCpxAPEvuLeRgnrS5BqGiJLhIoKxa5oF25oVXVKoyRR9aTXQuORvmPazkqMu7oVPdZFBmBI7yko2v4yukJn1H-J4Eq99kWDD3RouJ-zNX-6CFAnadt3nrkZM9ESMasm_6uQc-ttiD3m0CtGSSkZQQ..&type=2&query=%E8%BE%85%E6%97%A0%E5%BF%A7%E8%BE%85%E5%AF%BC&token=E168EB06C566EE462A2C6CE9F23761F12A2F0D38693CF559,,"进行精确化同步辅导,由浅入深,逐条讲解,量身定做,因材施教,引导孩子独立思考能力!为少儿养成良好的行为习惯! 我校拥有...","进行精确化同步辅导,由浅入深,逐条讲解,量身定做,因材施教,引导孩子独立思考能力!为少儿养成良好的行为习惯! 我校拥有...",,0,0,False,0,
搜狗微信,辅无忧,辅无忧网课,网络战“疫” · 健康同行 | “云辅学”助你学习无忧!,https://weixin.sogou.com/link?url=dn9a_-gY295K0Rci_xozVXfdMkSQTLW6cwJThYulHEtVjXrGTiVgSziln4oLtJd_i8asGEIUr9InWnzBnTuUQ1qXa8Fplpd97SfwUmfEiLwjpoy2lYT4ZtzMx60CmJ_O0zA-0vnGIBH3g2pxG79VVyszN9PxJKs3p5xWCsZilRshFQvoB9mHCRg_NH7pDIF5FQjRlmHagl1qm7XnvXtkA2Kr98IGupiF2Px9htYZ2iUSN9bMfO_xw7H7n-A_B_beMM6XNn3pl7J6VKrzu_4XKA..&type=2&query=%E8%BE%85%E6%97%A0%E5%BF%A7%E7%BD%91%E8%AF%BE&token=E169170EC566EE462A2C6CE9F23761F12A2F0D38693CF562,,“云辅学” | 朋辈辅导不知不觉春学期已经过去50%在“云学习”的这段时间里沉浸在知识海洋里的你是被难题呛了个半死?还是在船...,“云辅学” | 朋辈辅导不知不觉春学期已经过去50%在“云学习”的这段时间里沉浸在知识海洋里的你是被难题呛了个半死?还是在船...,,0,0,False,0,
搜狗微信,辅无忧,辅无忧怎么样,【无忧教辅】教师学校承办“无忧教辅”课后辅导第一期培训,https://weixin.sogou.com/link?url=dn9a_-gY295K0Rci_xozVXfdMkSQTLW6cwJThYulHEtVjXrGTiVgSziln4oLtJd_CpNSWRGD700nWnzBnTuUQ1qXa8Fplpd91DMi-x6iKxMWtkkQWVNjKImMMA5qDbOb91QcZ9eolBrdpTkPAYS6OCwcBJY_8TEK_msGavD80ZoPBc6UnglndKffE8wVDnurrEHD___Ly_lyFn1SCYxKK8wvugWEfT1107bYp_W2WpN52t8StMBEXDVPc1SZsqYt1Hoif2A8VgerCDCayYmfpA..&type=2&query=%E8%BE%85%E6%97%A0%E5%BF%A7%E6%80%8E%E4%B9%88%E6%A0%B7&token=E1693ACCC566EE462A2C6CE9F23761F12A2F0D38693CF56B,,"为贯彻落实《关于开展“无忧教辅”课后辅导志愿服务实施方案》精神,本着服务家长、服务学生宗旨,提升志愿者教辅队伍专业能力...","为贯彻落实《关于开展“无忧教辅”课后辅导志愿服务实施方案》精神,本着服务家长、服务学生宗旨,提升志愿者教辅队伍专业能力...",,0,0,False,0,
搜狗微信,辅无忧,辅无忧论文,【成功发表】从零经验到SCI录用:得辅学术助力高职教师8个月实现发表突破,https://weixin.sogou.com/link?url=dn9a_-gY295K0Rci_xozVXfdMkSQTLW6cwJThYulHEtVjXrGTiVgSziln4oLtJd_23YS12jWxlwnWnzBnTuUQ1qXa8Fplpd9OZw1b6vExtWu66-nIttQMU2FPIpLiNbLDxbzsXXf8eCOmm7zYxDGdZnzxq35laeaFNyQCL8z7ZpcukMSylI0Emxhx0W1hlg3kNhzGsUgsKne8mnP8LmXa2c-zQeQs9gSVxDsLvA7J_qe-82treADDFFROEcZAaeeLYd5oFN9EyBhlgeRt7bSzA..&type=2&query=%E8%BE%85%E6%97%A0%E5%BF%A7%E8%AE%BA%E6%96%87&token=E1695A7DC566EE462A2C6CE9F23761F12A2F0D38693CF573,,"需结合自身研究方向,完成一篇SCI论文并成功录用; 时间紧张,需在15-18个月内完成全流程并发表.得辅赋能·发表无忧针对黄老...","需结合自身研究方向,完成一篇SCI论文并成功录用; 时间紧张,需在15-18个月内完成全流程并发表.得辅赋能·发表无忧针对黄老...",,0,0,False,0,
搜狗微信,辅无忧,辅无忧论文,"站上巨人肩膀!斯坦福官方课程已上线得辅学术,点击即可免费获取",https://weixin.sogou.com/link?url=dn9a_-gY295K0Rci_xozVXfdMkSQTLW6cwJThYulHEtVjXrGTiVgSziln4oLtJd_23YS12jWxlwnWnzBnTuUQ1qXa8Fplpd9OZw1b6vExtWu66-nIttQMU2FPIpLiNbLDxbzsXXf8eCOmm7zYxDGdWxO1J30Y_wRHLo8xkLNxWjxzcoiElBGFXpVcrwfb76AbVKBo0IN1ABGfrYpA5uoCLnGIK_kBr20_mkPeVMVv9d5UemcRB_kCrUAjrlTLy6pKwt-Qiy_wSyjotuuiAmOIg..&type=2&query=%E8%BE%85%E6%97%A0%E5%BF%A7%E8%AE%BA%E6%96%87&token=E1695A7DC566EE462A2C6CE9F23761F12A2F0D38693CF573,,"以“无界润色·无忧发表”为核心理念,构建覆盖科研全链条的服务体系:不定期更新权威学术资料库;权威课程:持续更新斯坦福、...","以“无界润色·无忧发表”为核心理念,构建覆盖科研全链条的服务体系:不定期更新权威学术资料库;权威课程:持续更新斯坦福、...",,0,0,False,0,
搜狗微信,辅无忧,辅无忧论文,"过了18年,这篇硕士论文终于出版了",https://weixin.sogou.com/link?url=dn9a_-gY295K0Rci_xozVXfdMkSQTLW6cwJThYulHEtVjXrGTiVgSziln4oLtJd_23YS12jWxlwnWnzBnTuUQ1qXa8Fplpd9PDHYobmaivroid9vV4hk7kALs7OPnrsSAJQT77G78AZI07OM6kISNmvCI5k9QDuR1xBeSfSvWSxZENr6gKwzQC4-yRYuywoQLDX5gydp_NiHUTn8BKPtC993nhUs4O-F77AhP_Mgsii8dERY1kos0BEfEN_9nSHKvN5FNhjgQDRj32-j2KiwUw..&type=2&query=%E8%BE%85%E6%97%A0%E5%BF%A7%E8%AE%BA%E6%96%87&token=E1695A7DC566EE462A2C6CE9F23761F12A2F0D38693CF573,,"后记 阮清华 这是一篇迟交了整整15年的硕士学位论文.尽管我没有拿到硕士学位,也不打算以此再去申请学位,但我仍然要特别感谢...","后记 阮清华 这是一篇迟交了整整15年的硕士学位论文.尽管我没有拿到硕士学位,也不打算以此再去申请学位,但我仍然要特别感谢...",,0,0,False,0,
搜狗微信,辅无忧,辅无忧论文,职业咨询 | 武汉理工大学“远航”职业发展咨询室的老师一直在这里等你!快来预约吧!,https://weixin.sogou.com/link?url=dn9a_-gY295K0Rci_xozVXfdMkSQTLW6cwJThYulHEtVjXrGTiVgSziln4oLtJd_23YS12jWxlwnWnzBnTuUQ1qXa8Fplpd98ebo0EbEcgmyMlwrvchYL9OxofTgkSiuOtC4zwObVgWZQEDsmU2zWOHG7AGyTN4oNFUpuK3ohrWQYWUOlizdFm-WupfxpRKoEdC4MwIJ7SSCaBNaBKBvXrXUwb5LhiKJADtlcHzPrZgUt1AawCGacC_9EeXq-Oa3SiiFAqhS5_gY-UZGbO56rA..&type=2&query=%E8%BE%85%E6%97%A0%E5%BF%A7%E8%AE%BA%E6%96%87&token=E1695A7DC566EE462A2C6CE9F23761F12A2F0D38693CF573,,"编著图书9本,发表论文近40篇.冯桂珍冯桂珍,女,交通与物流工程学院副院长,GCDF全球职业规划师、BCC生涯教练、心理咨询...","编著图书9本,发表论文近40篇.冯桂珍冯桂珍,女,交通与物流工程学院副院长,GCDF全球职业规划师、BCC生涯教练、心理咨询...",,0,0,False,0,
搜狗微信,万能班长,万能班长留学,班长留学干货|澳英超实用APP清单,https://weixin.sogou.com/link?url=dn9a_-gY295K0Rci_xozVXfdMkSQTLW6cwJThYulHEtVjXrGTiVgSziln4oLtJd__0io2KQGPk0nWnzBnTuUQ1qXa8Fplpd9MIMrvUgsy8PQUv5lOJ_dbmFuuVmj3uyNkT1eZmYq96SsHahZL5pomKuyccU1WUmn6GxWtOIqz_lIZchXA26oOUjytkPgkV7skMC6Vaf0RMn6E9VBYBxi727RdA3u_CmhpfraBfkt3c_jw4mmGhsZxNFT7bU2mw3p7d3XIrdL6HQHpHkoPMgL3A..&type=2&query=%E4%B8%87%E8%83%BD%E7%8F%AD%E9%95%BF%E7%95%99%E5%AD%A6&token=E16986ADC566EE462A2C6CE9F23761F12A2F0D38693CF57E,,"以上就是班长为大家介绍的几款常见好用的APP,可以帮助同学们更快跟好的适应国外的留学生活.在留学期间有什么问题,欢迎大家...","以上就是班长为大家介绍的几款常见好用的APP,可以帮助同学们更快跟好的适应国外的留学生活.在留学期间有什么问题,欢迎大家...",,0,0,False,0,
搜狗微信,万能班长,万能班长留学,"因为留学,我两年未曾有过笑容,一年没有好好吃饭……",https://weixin.sogou.com/link?url=dn9a_-gY295K0Rci_xozVXfdMkSQTLW6cwJThYulHEtVjXrGTiVgSziln4oLtJd__0io2KQGPk0nWnzBnTuUQ1qXa8Fplpd9D3WxVKjNdR62l0vnhJafLKTFdqbPV7Kc3Kw2kirH_0ObzD4jXamKfszAMXeOw8Ox24mWkxwitoolR3_PW58ZOfKay3ZQoFKbu00okVcB4FxP8VXO6yVj44pgUhC-Ck3ZhfEZnE9MFucJ3ISuEsAKI_3Kv1deMQEBp31a0pGeFraq3X8EKMKOIA..&type=2&query=%E4%B8%87%E8%83%BD%E7%8F%AD%E9%95%BF%E7%95%99%E5%AD%A6&token=E16986ADC566EE462A2C6CE9F23761F12A2F0D38693CF57E,,"万能班长——针对海外中国留学生的线上一对一私人定制化辅导平台,为你的留学生活保驾护航!!ps:万能班长从即刻起开通留学生...","万能班长——针对海外中国留学生的线上一对一私人定制化辅导平台,为你的留学生活保驾护航!!ps:万能班长从即刻起开通留学生...",,0,0,False,0,
搜狗微信,万能班长,万能班长留学,多行业*14 | 诺华、麦当劳、联合利华、雀巢等实习帖,https://weixin.sogou.com/link?url=dn9a_-gY295K0Rci_xozVXfdMkSQTLW6cwJThYulHEtVjXrGTiVgSziln4oLtJd__0io2KQGPk0nWnzBnTuUQ1qXa8Fplpd9Cx7dcMHVVsxMnmOyc9sdcaV4Ueh8C-Fo0QTZyfmUlcQcVWrEWfEzoBuhLkYot-TLsa9llxRZH0Y1ckDC3_2xx4fbZ09eoNSk_8w00CIIpbrycc4AVv9jHafcNBP1lBw62SO6CiS6XmkgA4epyW8c2JUHZAuvcCiqaY3mnpyUOo5f_71bqkOtiw..&type=2&query=%E4%B8%87%E8%83%BD%E7%8F%AD%E9%95%BF%E7%95%99%E5%AD%A6&token=E16986ADC566EE462A2C6CE9F23761F12A2F0D38693CF57E,,"万能班长想要打造完整的“留学服务”生态系统,每年为数十万名留学生提供留学前、中、后期一站式解决方案.目前,万能班长旗下...","万能班长想要打造完整的“留学服务”生态系统,每年为数十万名留学生提供留学前、中、后期一站式解决方案.目前,万能班长旗下...",,0,0,False,0,
搜狗微信,万能班长,万能班长留学,"你的18岁在兵荒马乱的留学生活中悄然度过,无人问津……",https://weixin.sogou.com/link?url=dn9a_-gY295K0Rci_xozVXfdMkSQTLW6cwJThYulHEtVjXrGTiVgSziln4oLtJd__0io2KQGPk0nWnzBnTuUQ1qXa8Fplpd9D3WxVKjNdR62l0vnhJafLKTFdqbPV7Kc3Kw2kirH_0ObzD4jXamKfvpR0PCZO-aVIhnaSG_l2NlMYvi3yGKdU2c89Ofk_lWRcF8gInFn9Mf1LjmLKpVLTL_xRFrDuk1dV7o0LDJVGbGAbo3ckkqrmr2rb7yZRAo7yzMbr_tz1CoHpHkoPMgL3A..&type=2&query=%E4%B8%87%E8%83%BD%E7%8F%AD%E9%95%BF%E7%95%99%E5%AD%A6&token=E16986ADC566EE462A2C6CE9F23761F12A2F0D38693CF57E,,"万能班长都会从此刻开始贯穿于你整个留学生涯之中.用专属于我们的一对一的方式,以你们最喜欢的语言替你们讲解每一道你们不懂...","万能班长都会从此刻开始贯穿于你整个留学生涯之中.用专属于我们的一对一的方式,以你们最喜欢的语言替你们讲解每一道你们不懂...",,0,0,False,0,
搜狗微信,万能班长,万能班长留学,留学新生如何避免“开局失利”?快来收下这份＂生存&学术＂攻略,https://weixin.sogou.com/link?url=dn9a_-gY295K0Rci_xozVXfdMkSQTLW6cwJThYulHEtVjXrGTiVgSziln4oLtJd__0io2KQGPk0nWnzBnTuUQ1qXa8Fplpd9kP5sKGoq1Ln0zUpCCjX9jvEtjv7WejnacMX5CTipVXYqlGE7o6N89w04eFOxyuCMhJSaNWcM2NpZ4ryhv2ObbTLcqdCedzlL-Ax3VJzNEBGC-mLK8xxxUdIDWrI03F119Fjol9wEvgyUPuxcKqzUPIaosZMcSxrkiGPwMoT0k-HP28temKTOwg..&type=2&query=%E4%B8%87%E8%83%BD%E7%8F%AD%E9%95%BF%E7%95%99%E5%AD%A6&token=E16986ADC566EE462A2C6CE9F23761F12A2F0D38693CF57E,,"北京时间9月17日,留学生日报联合万能班长资深留学导师,推出【新生开学季生存指南】专场直播,一起把“焦虑”变成“游刃有余...","北京时间9月17日,留学生日报联合万能班长资深留学导师,推出【新生开学季生存指南】专场直播,一起把“焦虑”变成“游刃有余...",,0,0,False,0,
搜狗微信,万能班长,万能班长辅导,"大学班长,万能又尴尬的存在!未读 | 未来·电台",https://weixin.sogou.com/link?url=dn9a_-gY295K0Rci_xozVXfdMkSQTLW6cwJThYulHEtVjXrGTiVgSziln4oLtJd_IpaNIsqD9-8nWnzBnTuUQ1qXa8Fplpd9vR9KZv1r-jmb52W6dhyi2KLaQPoTvkc0zUuRPcv4OPqJgy0ma-TGSqS_R0vxpcqBEwkCywOTPtU5U1UVaml4Pwu6L_zifwrV3gRbUKxFiIctlzlZwUcpGe0TBgqQNkZEdiCOe3nlUWqJ-gw3rBOKKGuAjA1VIFpu7-_0IUpqMT1hWLv6O878UA..&type=2&query=%E4%B8%87%E8%83%BD%E7%8F%AD%E9%95%BF%E8%BE%85%E5%AF%BC&token=E169B331C566EE462A2C6CE9F23761F12A2F0D38693CF588,,未来主播:韩栋潇(湖北大学)1/14/2019 No.380期 未来电台总第486期>未来网官方微信首播,未来主播:韩栋潇(湖北大学)1/14/2019 No.380期 未来电台总第486期>未来网官方微信首播,,0,0,False,0,
搜狗微信,万能班长,万能班长辅导,"大学班长,万能又尴尬的存在",https://weixin.sogou.com/link?url=dn9a_-gY295K0Rci_xozVXfdMkSQTLW6cwJThYulHEtVjXrGTiVgSziln4oLtJd_IpaNIsqD9-8nWnzBnTuUQ1qXa8Fplpd9vEFZFKDjvdOjIUrgwvZYdUx6qzSvwLGXSb_1OWzVuUYVqZQyIQ0h6IBQxjxiNfKwRrz0IvgvZKsv3kVndLhOuYLloLA5TIgeRuGTtp0bj5TjpEliw_qois_LlwCjYITBkwuxbFe8sxKdWbtxnWSPCrW2_y6GZISYUkBlRXrdgv3y08OLTBhW0A..&type=2&query=%E4%B8%87%E8%83%BD%E7%8F%AD%E9%95%BF%E8%BE%85%E5%AF%BC&token=E169B331C566EE462A2C6CE9F23761F12A2F0D38693CF588,,"导读“双十一”快到了,既是“剁手党”的狂欢,又是一些大学班长的“噩梦”.因为,班长们又要买礼物安慰大龄单身失意青年了....","导读“双十一”快到了,既是“剁手党”的狂欢,又是一些大学班长的“噩梦”.因为,班长们又要买礼物安慰大龄单身失意青年了....",,0,0,False,0,
搜狗微信,万能班长,万能班长辅导,"学习 | Dissertation进度告急,万能班长免费破冰课带你乘风破浪!",https://weixin.sogou.com/link?url=dn9a_-gY295K0Rci_xozVXfdMkSQTLW6cwJThYulHEtVjXrGTiVgSziln4oLtJd_IpaNIsqD9-8nWnzBnTuUQ1qXa8Fplpd9RZVFUwHqvEMdtAKz5sfhUiAepJBGnbMT9YpGAdZ8H13PakarOc2Jqpa1KD-EJatmdJWGaRRRr-3hymDitqp7ZAWAHojPM446HUtKiSc889RdyxxXyaRQco_MT7l5exlYTXbiZJxZXfT7eURYiCg1oSqqVCzvbHq8JuUd2Y0RBAJe0WC6Sbi7DA..&type=2&query=%E4%B8%87%E8%83%BD%E7%8F%AD%E9%95%BF%E8%BE%85%E5%AF%BC&token=E169B331C566EE462A2C6CE9F23761F12A2F0D38693CF588,,2万能班长大论文辅导流程3万能班长破冰课助你逆袭△图 | 大论文辅导之后学生评价截图4万能班长拥有全球TOP100名校硕博背景顶尖...,2万能班长大论文辅导流程3万能班长破冰课助你逆袭△图 | 大论文辅导之后学生评价截图4万能班长拥有全球TOP100名校硕博背景顶尖...,,0,0,False,0,
搜狗微信,万能班长,万能班长辅导,学校举办2019年班长三项全能大赛,https://weixin.sogou.com/link?url=dn9a_-gY295K0Rci_xozVXfdMkSQTLW6cwJThYulHEtVjXrGTiVgSziln4oLtJd_IpaNIsqD9-8nWnzBnTuUQ1qXa8Fplpd94ia7vMJNknXdOUYqVZUp4YbYIlC_1Lz7o29gQ_RR7W45bb6kKf6tIPZvPAJmgpL0zV_3gzd7qa-bGNQGRhVttWYQjQvSRdgWSGm5NPEO6P-fSV4rcMPBCyiomzvlJYdDsuwDebyDZlaUWEEdY3XpN0AhKX9884xc0wFLEzvx8lHI3OTRHYU2og..&type=2&query=%E4%B8%87%E8%83%BD%E7%8F%AD%E9%95%BF%E8%BE%85%E5%AF%BC&token=E169B331C566EE462A2C6CE9F23761F12A2F0D38693CF588,,各学院学办主任、辅导员、学生代表共计200余人到场观摩比赛. 本次班长三项全能大赛共分为初赛、复赛、决赛三个阶段.初赛于...,各学院学办主任、辅导员、学生代表共计200余人到场观摩比赛. 本次班长三项全能大赛共分为初赛、复赛、决赛三个阶段.初赛于...,,0,0,False,0,
搜狗微信,万能班长,万能班长网课,"学习 | Dissertation进度告急,万能班长免费破冰课带你乘风破浪!",https://weixin.sogou.com/link?url=dn9a_-gY295K0Rci_xozVXfdMkSQTLW6cwJThYulHEtVjXrGTiVgSziln4oLtJd_2H4k71qxTUInWnzBnTuUQ1qXa8Fplpd9RZVFUwHqvEMdtAKz5sfhUiAepJBGnbMT9YpGAdZ8H13PakarOc2Jqpa1KD-EJatmdJWGaRRRr-3hymDitqp7ZIOSmCISJTOQX6iC2GwIWf2FtnBtTCZq-uPWxOCO2SMRL6R1Lc5umCLitbFG3DzBBG_1ewIYiEOXGG9P2lX7vCRAe0f8bRARvQ..&type=2&query=%E4%B8%87%E8%83%BD%E7%8F%AD%E9%95%BF%E7%BD%91%E8%AF%BE&token=E169E256C566EE462A2C6CE9F23761F12A2F0D38693CF593,,"万能班长毕业论文免费的答疑破冰课,专业大牛导师带你披荆斩棘,轻松通关!1万能班长破冰课助你逆袭在收集到你的当前所有进度...","万能班长毕业论文免费的答疑破冰课,专业大牛导师带你披荆斩棘,轻松通关!1万能班长破冰课助你逆袭在收集到你的当前所有进度...",,0,0,False,0,
搜狗微信,万能班长,万能班长网课,全能型班长!可可爱爱周佳丽!,https://weixin.sogou.com/link?url=dn9a_-gY295K0Rci_xozVXfdMkSQTLW6cwJThYulHEtVjXrGTiVgSziln4oLtJd_2H4k71qxTUInWnzBnTuUQ1qXa8Fplpd93LBN5QVvgl3XcEd5xP3BLFIM8IJgPGcbbAOt5sV67FlT84mjKJZ_srWugzidIWRuOOKW8NaHY-CO5aQs1U4-q7jXVlfcwFBJJHecMNkPjrBBCsmQlIXmv-jx8sZLtLMfWTPJs9iyr-NzOt9CGylfxKoQlea6q_VWk-cLKOlX7K_yPfCoem7FzA..&type=2&query=%E4%B8%87%E8%83%BD%E7%8F%AD%E9%95%BF%E7%BD%91%E8%AF%BE&token=E169E256C566EE462A2C6CE9F23761F12A2F0D38693CF593,,她更是一刻也不松懈通过网课加强知识点的记忆遇到不懂的问题主动向老师请教周佳丽凭借着这种毅力在《物理化学》等课程上取得了...,她更是一刻也不松懈通过网课加强知识点的记忆遇到不懂的问题主动向老师请教周佳丽凭借着这种毅力在《物理化学》等课程上取得了...,,0,0,False,0,
搜狗微信,万能班长,万能班长网课,一起听! | 2021级班长团新年心声,https://weixin.sogou.com/link?url=dn9a_-gY295K0Rci_xozVXfdMkSQTLW6cwJThYulHEtVjXrGTiVgSziln4oLtJd_2H4k71qxTUInWnzBnTuUQ1qXa8Fplpd917Iv_LnLopzUcJdUmkKZsN8g3kHuLCpUJuTkUihdwcQdAByY-icIa2vhBTYDdA-U3gvm0w7zJG-qE9u93pVQuxi_YplrOHCdve177m0EfCAojP08kY1ZPZ7vJTzmuPxQ309XTq-xLtHnr-sGb0f2qkOrUwKGLLLN1ULRU6aXaUD0OK9DLfgmPA..&type=2&query=%E4%B8%87%E8%83%BD%E7%8F%AD%E9%95%BF%E7%BD%91%E8%AF%BE&token=E169E256C566EE462A2C6CE9F23761F12A2F0D38693CF593,,"被一群“美丽皮囊”缠绕号称吹瓶达人的盖老师,网课“gai溜子”的社会达班,每一位在破冰任劳任怨的“厨神”……每一次活动都...","被一群“美丽皮囊”缠绕号称吹瓶达人的盖老师,网课“gai溜子”的社会达班,每一位在破冰任劳任怨的“厨神”……每一次活动都...",,0,0,False,0,
搜狗微信,万能班长,万能班长怎么样,"大学里,班长是一种怎样神奇的存在?",https://weixin.sogou.com/link?url=dn9a_-gY295K0Rci_xozVXfdMkSQTLW6cwJThYulHEtVjXrGTiVgSziln4oLtJd_7DscE1_j7NQnWnzBnTuUQ1qXa8Fplpd9c9jMCvYW6-ZJBmLgfdUwdRIywOvkRYsonXVYIezOK_-VhuCZI_7Esm9jQotsCeNcYRXrdW037-PUKmJVH4yvCUCTYd1TjVTEU8pzJ8RdYKziWp2SwqZAIQ913BEcDFmHO15GHkUMvqaPc7uEPdZYoJm95Jf5yjKsK4p3FepIqyX1AfaFW2DefQ..&type=2&query=%E4%B8%87%E8%83%BD%E7%8F%AD%E9%95%BF%E6%80%8E%E4%B9%88%E6%A0%B7&token=E16A0C92C566EE462A2C6CE9F23761F12A2F0D38693CF59B,,"江湖救急的万能班长大人. 03“好烦呀,班长又在群里通知要截图,要投票,三天两头,真是没完没了.”“就是就是,这人就知道...","江湖救急的万能班长大人. 03“好烦呀,班长又在群里通知要截图,要投票,三天两头,真是没完没了.”“就是就是,这人就知道...",,0,0,False,0,
搜狗微信,海马课堂,海马课堂,"【CSSAUG合作】海马课堂 | GPA冲4.0+,是什么体验?",https://weixin.sogou.com/link?url=dn9a_-gY295K0Rci_xozVXfdMkSQTLW6cwJThYulHEtVjXrGTiVgSziln4oLtJd_GRkcr05hanwnWnzBnTuUQ1qXa8Fplpd96fQChtFLTtE5nEhEYk6j171ZPkp9w1CzS4OWrqhM5w9u_cGZmlsZ_7FZm_kMRvIqQUqbLTAaeqHp7ueoYPUwxI9qtcHbSwUE2JkIr_O_aDOEM3TXyTCyMjRTsizN-y7ciyW4YoY2P5JsexgL-b2Pee8qIFSHUlbmLwleOpMa0LjS-e4Yz84xMA..&type=2&query=%E6%B5%B7%E9%A9%AC%E8%AF%BE%E5%A0%82&token=E16A40D7C566EE462A2C6CE9F23761F12A2F0D38693CF5A6,,"海马课堂1V1全专业覆盖课业辅导,全学期规划课程辅导,给你一张优秀的成绩单,拿A很轻松!如果在港城大遇到这些难题:课程知...","海马课堂1V1全专业覆盖课业辅导,全学期规划课程辅导,给你一张优秀的成绩单,拿A很轻松!如果在港城大遇到这些难题:课程知...",,0,0,False,0,
搜狗微信,海马课堂,海马课堂,【学联推广】海马课堂|官宣了!LSE期末考试成绩发布,https://weixin.sogou.com/link?url=dn9a_-gY295K0Rci_xozVXfdMkSQTLW6cwJThYulHEtVjXrGTiVgSziln4oLtJd_GRkcr05hanwnWnzBnTuUQ1qXa8Fplpd9r3A2JABn95UGXMWCj_7kXFLPrT7wQyjvamcJC3oAA3FmK4KIwwQvzJRygC-WgnBvXi1I2h-BVu8zqnXYwRp2Q6DGlYQCwZkVcemBBqCfVXM-yvHWcMML8e_S9_R4FesvO88B1B0nurZL_pNy58slnhWDZ64nNySNxGzzerqNmmBS6t2rFt2rnA..&type=2&query=%E6%B5%B7%E9%A9%AC%E8%AF%BE%E5%A0%82&token=E16A40D7C566EE462A2C6CE9F23761F12A2F0D38693CF5A6,,海马课堂给你满满的安全感直接扫码添加海马课堂老师微信咨询添加时备注“LSE学联”还可再减￡5↓↓↓因为英国大学对挂科行为有非...,海马课堂给你满满的安全感直接扫码添加海马课堂老师微信咨询添加时备注“LSE学联”还可再减￡5↓↓↓因为英国大学对挂科行为有非...,,0,0,False,0,
搜狗微信,海马课堂,海马课堂怎么样,"出国留学,不知道海马课堂怎么行?",https://weixin.sogou.com/link?url=dn9a_-gY295K0Rci_xozVXfdMkSQTLW6cwJThYulHEtVjXrGTiVgSziln4oLtJd_nL9pgQG250knWnzBnTuUQ1qXa8Fplpd9kBtSSDsOvfcnknHgYlBBhFOyBHWLJtzC_nqoDNIOIIY8Q8pEbDxtR2VttU41O7e61MHBD3WPDosIACQ8_mg7QNamwWfiBhxWG6oYo2Wa8HR2k_zR2tKk9G3VqWeoRZnTLl8Vo8aGLMSBZp2OeWawOjaQmszkJu2a3bIapG6CXvh5Nu7CnoSqqg..&type=2&query=%E6%B5%B7%E9%A9%AC%E8%AF%BE%E5%A0%82%E6%80%8E%E4%B9%88%E6%A0%B7&token=E16A6B54C566EE462A2C6CE9F23761F12A2F0D38693CF5AF,,"海马课堂留学辅导行业领军者,2015年创立于英国曼彻斯特,总部位于英国伦敦,拥有全球众多名校硕博顶尖师资,目前已成为英国、...","海马课堂留学辅导行业领军者,2015年创立于英国曼彻斯特,总部位于英国伦敦,拥有全球众多名校硕博顶尖师资,目前已成为英国、...",,0,0,False,0,
搜狗微信,海马课堂,海马课堂怎么样,"【学联推广】海马课堂|在LSE留学,压力有多大?",https://weixin.sogou.com/link?url=dn9a_-gY295K0Rci_xozVXfdMkSQTLW6cwJThYulHEtVjXrGTiVgSziln4oLtJd_nL9pgQG250knWnzBnTuUQ1qXa8Fplpd9r3A2JABn95UGXMWCj_7kXFLPrT7wQyjvamcJC3oAA3FmK4KIwwQvzBvmZ0iB3p9ggmEDCrVn-n7klS-oTTxnNhrfM4ozVNv_lRk2Agx49fX_MlYEugtwMbius8TuC8J86Q0Y2bzZcqhZuXNYf2tKYDjZ3FH4hmo8MNEMF7JB739hlgeRt7bSzA..&type=2&query=%E6%B5%B7%E9%A9%AC%E8%AF%BE%E5%A0%82%E6%80%8E%E4%B9%88%E6%A0%B7&token=E16A6B54C566EE462A2C6CE9F23761F12A2F0D38693CF5AF,,"海马课堂将竭尽所能,为你的求学之路,保驾护航!扫码+v备注“LSE”立减￡5↓↓↓须知:海马课堂HighMarkTutor 对学术诚信予以高...","海马课堂将竭尽所能,为你的求学之路,保驾护航!扫码+v备注“LSE”立减￡5↓↓↓须知:海马课堂HighMarkTutor 对学术诚信予以高...",,0,0,False,0,
搜狗微信,海马课堂,海马课堂怎么样,"【学联推广】海马课堂|LSE开学后,留学生慌了",https://weixin.sogou.com/link?url=dn9a_-gY295K0Rci_xozVXfdMkSQTLW6cwJThYulHEtVjXrGTiVgSziln4oLtJd_nL9pgQG250knWnzBnTuUQ1qXa8Fplpd9r3A2JABn95UGXMWCj_7kXFLPrT7wQyjvamcJC3oAA3FmK4KIwwQvzG3IfIhQFHVOAFxdVxjWwP94VEl7mStpxJKKy-Ruz7TnWirkotiJqAjWuSKaCPzhdyfvXECfsYngsWZAFOTztltI0LGw_Nas60V1AxRL20k_LN34RtLwijpQL0Hr9Gyd3Q..&type=2&query=%E6%B5%B7%E9%A9%AC%E8%AF%BE%E5%A0%82%E6%80%8E%E4%B9%88%E6%A0%B7&token=E16A6B54C566EE462A2C6CE9F23761F12A2F0D38693CF5AF,,"海马课堂拥有8年留学生辅导经验,为纽卡斯尔留学生提供了专业课程辅导.3V1团队服务、覆盖全球98%专业,授课老师均是QS前...","海马课堂拥有8年留学生辅导经验,为纽卡斯尔留学生提供了专业课程辅导.3V1团队服务、覆盖全球98%专业,授课老师均是QS前...",,0,0,False,0,
搜狗微信,海马课堂,海马课堂怎么样,"【CSSAUG合作】海马课堂 | GPA冲4.0+,是什么体验?",https://weixin.sogou.com/link?url=dn9a_-gY295K0Rci_xozVXfdMkSQTLW6cwJThYulHEtVjXrGTiVgSziln4oLtJd_nL9pgQG250knWnzBnTuUQ1qXa8Fplpd96fQChtFLTtE5nEhEYk6j171ZPkp9w1CzS4OWrqhM5w9u_cGZmlsZ_7FZm_kMRvIqQUqbLTAaeqHp7ueoYPUwxNhlDuynZ1-xjsoxwUsFUYxZP-0vGu4obcx-jD4WZ6o0322Mh6wt8z9OLRgrAl8Akyfjr1qsNpcR-HeJJFjE9sfI3OTRHYU2og..&type=2&query=%E6%B5%B7%E9%A9%AC%E8%AF%BE%E5%A0%82%E6%80%8E%E4%B9%88%E6%A0%B7&token=E16A6B54C566EE462A2C6CE9F23761F12A2F0D38693CF5AF,,"海马课堂1V1全专业覆盖课业辅导,全学期规划课程辅导,给你一张优秀的成绩单,拿A很轻松!如果在港城大遇到这些难题:课程知...","海马课堂1V1全专业覆盖课业辅导,全学期规划课程辅导,给你一张优秀的成绩单,拿A很轻松!如果在港城大遇到这些难题:课程知...",,0,0,False,0,
搜狗微信,海马课堂,海马课堂辅导,"最新!已有大学关闭!留学生:“进退两难,学业问题谁来解决?” 海马课堂留学课业辅导专家Han老师为你支招~",https://weixin.sogou.com/link?url=dn9a_-gY295K0Rci_xozVXfdMkSQTLW6cwJThYulHEtVjXrGTiVgSziln4oLtJd_NMIg1I-v-fInWnzBnTuUQ1qXa8Fplpd9E7L4AOtj-75JYNy7wQVg2MYDhWTvEd9yITtoXEI5f6j6VLTUeDzEPT_biEjIBqjmQ-GDs6gXzWLNJNCluGsAkv9JSGQoLg5RqK51xhDz5c0mL0wda0nNFGxJU5qaily4wFtBstTBxOybVmJ0hdFaJFoRZCciZJddKTC4ouC7KYjzAjcIGepUqA..&type=2&query=%E6%B5%B7%E9%A9%AC%E8%AF%BE%E5%A0%82%E8%BE%85%E5%AF%BC&token=E16A941EC566EE462A2C6CE9F23761F12A2F0D38693CF5B8,,"海马课堂在线为留学生进行课业辅导的业务领域已经深耕了5年,有着丰富的经验,对于刚刚开启留学生活的大一新生,您作为资深的...","海马课堂在线为留学生进行课业辅导的业务领域已经深耕了5年,有着丰富的经验,对于刚刚开启留学生活的大一新生,您作为资深的...",,0,0,False,0,
搜狗微信,海马课堂,海马课堂辅导,【辅导推荐】在爱大按时毕业有多难?,https://weixin.sogou.com/link?url=dn9a_-gY295K0Rci_xozVXfdMkSQTLW6cwJThYulHEtVjXrGTiVgSziln4oLtJd_NMIg1I-v-fInWnzBnTuUQ1qXa8Fplpd9OTlAFBLvUpqCnd8ADoRzWCwew2A6fvJ3ydPEuJyqHBbfzVLWWVjoOwNyxiBzSN2KtZ5_3lWjIJ48-Fbr1GDPaKGbyA0CI4r9ww2mh1-7zR-7U89Jg5tz13CwO_cOQ3-aiyy0YpE3x_Z84seS6BU_46AiwgY-NL7lY2LdUgOgasNf_71bqkOtiw..&type=2&query=%E6%B5%B7%E9%A9%AC%E8%AF%BE%E5%A0%82%E8%BE%85%E5%AF%BC&token=E16A941EC566EE462A2C6CE9F23761F12A2F0D38693CF5B8,,"海马课堂推出论文8小时满分计划,从开题到润色,全部手把手辅导.在海马课堂补习论文的爱大同学,都收获了满意的分数.作为英...","海马课堂推出论文8小时满分计划,从开题到润色,全部手把手辅导.在海马课堂补习论文的爱大同学,都收获了满意的分数.作为英...",,0,0,False,0,
搜狗微信,海马课堂,海马课堂辅导,【学联推广】海马课堂|官宣!关于LSE补考政策!,https://weixin.sogou.com/link?url=dn9a_-gY295K0Rci_xozVXfdMkSQTLW6cwJThYulHEtVjXrGTiVgSziln4oLtJd_NMIg1I-v-fInWnzBnTuUQ1qXa8Fplpd9r3A2JABn95UGXMWCj_7kXFLPrT7wQyjvamcJC3oAA3FmK4KIwwQvzM06XcAeWuP738P00sFKbsAVxUjqJ-WZ_VlPXsnh7xJp8RORPTRpuasfqVRSOQ3JoiVY19H8_qMcrDtw0_dJmF5dNZxO3h9V1woSCs7XtN6GkkX2uq2220dhWLv6O878UA..&type=2&query=%E6%B5%B7%E9%A9%AC%E8%AF%BE%E5%A0%82%E8%BE%85%E5%AF%BC&token=E16A941EC566EE462A2C6CE9F23761F12A2F0D38693CF5B8,,"报名当日,海马课堂辅导团队便开始服务在了解到Luna的情况后,海马课堂加紧处理Luna 的Case,着手特殊情况申诉.2.申诉老师为...","报名当日,海马课堂辅导团队便开始服务在了解到Luna的情况后,海马课堂加紧处理Luna 的Case,着手特殊情况申诉.2.申诉老师为...",,0,0,False,0,
搜狗微信,海马课堂,海马课堂论文,官方发布!UAL毕业论文新规定,https://weixin.sogou.com/link?url=dn9a_-gY295K0Rci_xozVXfdMkSQTLW6cwJThYulHEtVjXrGTiVgSziln4oLtJd_VZUTtWCjL1YnWnzBnTuUQ1qXa8Fplpd9uY8fyw5bs5T4sRLZMzsIvClIrEHhemHqQ0GIyGETyrHxOOFFUdImGxT4b7NTH085PlZr5RQw4mvloTqs2z4fDO66rhtuEzL3cEMjM45-fHdVdwjfztCuilLwrey5mhGnXN9G4v-gYKfm5Qc0RqLE0kvCGefMlCAJak7OhWsZwTbFcvUoAZZH7Q..&type=2&query=%E6%B5%B7%E9%A9%AC%E8%AF%BE%E5%A0%82%E8%AE%BA%E6%96%87&token=E16ABDBFC566EE462A2C6CE9F23761F12A2F0D38693CF5C1,,"报名海马课堂论文辅导,最终拿到Grade A. T同学:学员背景:UAL辅导项目:论文辅导学员情况:T同学的一个好朋友报名了海马课...","报名海马课堂论文辅导,最终拿到Grade A. T同学:学员背景:UAL辅导项目:论文辅导学员情况:T同学的一个好朋友报名了海马课...",,0,0,False,0,
搜狗微信,海马课堂,海马课堂论文,英国留学生被论文支配的恐惧!,https://weixin.sogou.com/link?url=dn9a_-gY295K0Rci_xozVXfdMkSQTLW6cwJThYulHEtVjXrGTiVgSziln4oLtJd_VZUTtWCjL1YnWnzBnTuUQ1qXa8Fplpd9SpBcMXs3ieXRWy3_3-igvLvy5x5NjOYQMuHX3qckmmFevHwvTN2Ln0LBPotena7u8vW7s-4zVKUtOfRPJhA-tFILAIst9tg4xLsonmDyz0OpKMxoQPElcL5OvBglkOFIVcLxSzfnq7wS0XZLJgqswKJsLBItJ1rzTa5WE2Pl0Xu00NVofL2iDw..&type=2&query=%E6%B5%B7%E9%A9%AC%E8%AF%BE%E5%A0%82%E8%AE%BA%E6%96%87&token=E16ABDBFC566EE462A2C6CE9F23761F12A2F0D38693CF5C1,,"海马课堂拥有8年留学生辅导经验,为英国留学生提供了专业论文辅导.3V1团队服务、覆盖全球99%专业,授课老师均是QS前100硕...","海马课堂拥有8年留学生辅导经验,为英国留学生提供了专业论文辅导.3V1团队服务、覆盖全球99%专业,授课老师均是QS前100硕...",,0,0,False,0,
搜狗微信,海马课堂,海马课堂论文,"纽卡斯尔留学生,论文压力到底有多大?",https://weixin.sogou.com/link?url=dn9a_-gY295K0Rci_xozVXfdMkSQTLW6cwJThYulHEtVjXrGTiVgSziln4oLtJd_VZUTtWCjL1YnWnzBnTuUQ1qXa8Fplpd94vIgZ64s9mX1hmdImvytxPxuKAPpf6OoC_xnuvwEZTNu5qspL1YVboucCBq87QGMmiUlrqNZFzsV6sm30UgpidXqVRDw3soOubSXXZNxalpEqRLh3DPIUR37x07NuPnU424PnHry0OGcMw_Tf3EDqSq8J7dhGGWG8_UFT_IZQkD1AfaFW2DefQ..&type=2&query=%E6%B5%B7%E9%A9%AC%E8%AF%BE%E5%A0%82%E8%AE%BA%E6%96%87&token=E16ABDBFC566EE462A2C6CE9F23761F12A2F0D38693CF5C1,,"于是找到海马课堂希望进行论文方面辅导.由于学生的专业有一定难度,老师为她进行了详细的服务介绍,这才放心报名.服务过程正...","于是找到海马课堂希望进行论文方面辅导.由于学生的专业有一定难度,老师为她进行了详细的服务介绍,这才放心报名.服务过程正...",,0,0,False,0,
搜狗微信,海马课堂,海马课堂论文,"UoB研究生毕业论文出分,留学生注意!",https://weixin.sogou.com/link?url=dn9a_-gY295K0Rci_xozVXfdMkSQTLW6cwJThYulHEtVjXrGTiVgSziln4oLtJd_VZUTtWCjL1YnWnzBnTuUQ1qXa8Fplpd9kBtSSDsOvfcnknHgYlBBhFOyBHWLJtzC_nqoDNIOIIY8Q8pEbDxtR79UlQwJpi1ZUCBY97Uw_IAgGRo8cfrTpWSqXJWa1WSKwL1eCfSRNJ2xW_N9GH3JVVJX4e4bv6dUwqLyKomUh1iak-xwwJnn-ZSmkGiqtdkoDOj8TkXnuxyfxjh3za6jWA..&type=2&query=%E6%B5%B7%E9%A9%AC%E8%AF%BE%E5%A0%82%E8%AE%BA%E6%96%87&token=E16ABDBFC566EE462A2C6CE9F23761F12A2F0D38693CF5C1,,"申诉通过后,她在海马课堂进行了论文辅导.最终,不仅拿到优异的论文成绩,而且顺利拿到Degree学位毕业.所以各位同学如果遇...","申诉通过后,她在海马课堂进行了论文辅导.最终,不仅拿到优异的论文成绩,而且顺利拿到Degree学位毕业.所以各位同学如果遇...",,0,0,False,0,
搜狗微信,海马课堂,海马课堂论文,"曼大毕业论文政策发布,影响到留学生毕业!",https://weixin.sogou.com/link?url=dn9a_-gY295K0Rci_xozVXfdMkSQTLW6cwJThYulHEtVjXrGTiVgSziln4oLtJd_VZUTtWCjL1YnWnzBnTuUQ1qXa8Fplpd9021v5Ou1IPH_QO3-odUWkKtYA-RhknPEOS84S_ZcnM9HdWlVxCTzp5SkzYwi-iCjDmoySUFcx1nWIdowZ9qDFmZcSlpvTIC_H8elE2rTHaspXK0N4UMhJJt-VeQ6kcT3pZ52dGuG_7OFlt2S6iiRKqs3HjHZf-PXTmKdsAJspn0Cn9lOoZLP2Q..&type=2&query=%E6%B5%B7%E9%A9%AC%E8%AF%BE%E5%A0%82%E8%AE%BA%E6%96%87&token=E16ABDBFC566EE462A2C6CE9F23761F12A2F0D38693CF5C1,,"就算是论文挂科,海马课堂也会帮助你满血复活避免重修.这位曼大的Kyson,就因为学业压力大,他在期末考试中错过了提交论文的...","就算是论文挂科,海马课堂也会帮助你满血复活避免重修.这位曼大的Kyson,就因为学业压力大,他在期末考试中错过了提交论文的...",,0,0,False,0,
搜狗微信,海马课堂,海马课堂 退费,"【学联推广】海马课堂|LSE开学后,留学生慌了",https://weixin.sogou.com/link?url=dn9a_-gY295K0Rci_xozVXfdMkSQTLW6cwJThYulHEtVjXrGTiVgSziln4oLtJd_g8xy72cAGUgnWnzBnTuUQ1qXa8Fplpd9r3A2JABn95UGXMWCj_7kXFLPrT7wQyjvamcJC3oAA3FmK4KIwwQvzG3IfIhQFHVOAFxdVxjWwP94VEl7mStpxLX-9F6n3LbjJP9qxW5xtt7AcglleX5OQ6-qaxHTu4JNIE1i228Z2Qsxk5rp8tR7mTuE_R44UJmj3oO_mTyoOnt6VKrzu_4XKA..&type=2&query=%E6%B5%B7%E9%A9%AC%E8%AF%BE%E5%A0%82 %E9%80%80%E8%B4%B9&token=E16AECEAC566EE462A2C6CE9F23761F12A2F0D38693CF5CA,,"海马课堂拥有8年留学生辅导经验,为纽卡斯尔留学生提供了专业课程辅导.3V1团队服务、覆盖全球98%专业,授课老师均是QS前...","海马课堂拥有8年留学生辅导经验,为纽卡斯尔留学生提供了专业课程辅导.3V1团队服务、覆盖全球98%专业,授课老师均是QS前...",,0,0,False,0,
搜狗微信,海马课堂,海马课堂 退费,"在澳洲留学,毁了我的女儿",https://weixin.sogou.com/link?url=dn9a_-gY295K0Rci_xozVXfdMkSQTLW6cwJThYulHEtVjXrGTiVgSziln4oLtJd_g8xy72cAGUgnWnzBnTuUQ1qXa8Fplpd9KbfUpmxGqLvvlDEdCtEQnqr3Qcb9ljTYSOpyZpmfVLZXCthH6USZN0Mf_yXwnCQxh2WhuDrF9MNsxDczHQZGiISj4G99165PalB3eTfvLO2sArjgu--JidzzYE7m-F9ngosq_FXsXjM_2R2UjIVWPCZrf35D0xdwr27yu-4GJ69535pjGOOjYg..&type=2&query=%E6%B5%B7%E9%A9%AC%E8%AF%BE%E5%A0%82 %E9%80%80%E8%B4%B9&token=E16AECEAC566EE462A2C6CE9F23761F12A2F0D38693CF5CA,,"学业危机应急处理延期考试:为自己争取更多复习时间退课退费:... 海马课堂专为悉尼留学生定制补习1、专属导师,人均TOP100硕士...","学业危机应急处理延期考试:为自己争取更多复习时间退课退费:... 海马课堂专为悉尼留学生定制补习1、专属导师,人均TOP100硕士...",,0,0,False,0,
搜狗微信,海马课堂,海马课堂 退费,【辅导推荐】最新评分标准!爱大这几个专业的同学注意了!,https://weixin.sogou.com/link?url=dn9a_-gY295K0Rci_xozVXfdMkSQTLW6cwJThYulHEtVjXrGTiVgSziln4oLtJd_g8xy72cAGUgnWnzBnTuUQ1qXa8Fplpd9OTlAFBLvUpqCnd8ADoRzWCwew2A6fvJ3ydPEuJyqHBbfzVLWWVjoO7CBkPtjideT6VqsWTn4CoawNO309Fi8CwYcm2KUi_DGCgT78wwZGw8GbD5XShlSXXF8nV4-Jzgb9wTRmJFCYFXznXn8bJOGiDj72jCfhrGCnqBlx1BxCHdOJBjQH7pCxQ..&type=2&query=%E6%B5%B7%E9%A9%AC%E8%AF%BE%E5%A0%82 %E9%80%80%E8%B4%B9&token=E16AECEAC566EE462A2C6CE9F23761F12A2F0D38693CF5CA,,"稳PASS,稳高分,不过包退款!须知:海马课堂HighMarkTutor 对学术诚信予以高度重视,坚决抵制任何学术不诚信及与学术不诚信...","稳PASS,稳高分,不过包退款!须知:海马课堂HighMarkTutor 对学术诚信予以高度重视,坚决抵制任何学术不诚信及与学术不诚信...",,0,0,False,0,
搜狗微信,海马课堂,海马课堂 退费,"10万留学生把UCL告上法庭?爱丁堡大学职工抵制评估期末成绩,数万留学生恐无法毕业!",https://weixin.sogou.com/link?url=dn9a_-gY295K0Rci_xozVXfdMkSQTLW6cwJThYulHEtVjXrGTiVgSziln4oLtJd_g8xy72cAGUgnWnzBnTuUQ1qXa8Fplpd9L6pVZz9K-ZkQ9FR0-V5QyKzz-2AT2ycRHLhEOjzZIBpfb0CVeDwh3k0M5BjJpNqRYn5vWC7PuI62sLk7EqL3k4Pp36d3JZggJNSHfHQAzbygW8k3yPGQIiCOtlxb5ufqzoutkTw6h-X7QjYxMqRgJUeg5wn4T3buV9aTFMnu3hvFcvUoAZZH7Q..&type=2&query=%E6%B5%B7%E9%A9%AC%E8%AF%BE%E5%A0%82 %E9%80%80%E8%B4%B9&token=E16AECEAC566EE462A2C6CE9F23761F12A2F0D38693CF5CA,,"(图源/海马课堂市场中心)小编把罢工的原因总结了一下,归根结... (图源:推特)虽然学生想退费比较难,但也有成功的例子.比如...","(图源/海马课堂市场中心)小编把罢工的原因总结了一下,归根结... (图源:推特)虽然学生想退费比较难,但也有成功的例子.比如...",,0,0,False,0,
搜狗微信,海马课堂,海马课堂 退费,中华剧社推荐|速查!墨大留学生考前须知,https://weixin.sogou.com/link?url=dn9a_-gY295K0Rci_xozVXfdMkSQTLW6cwJThYulHEtVjXrGTiVgSziln4oLtJd_g8xy72cAGUgnWnzBnTuUQ1qXa8Fplpd999JiSsjR7Ywxb_Tm5lIOWazDcQyB52N9wTCo-G1ppga5eH6Fsn6dHMlWc6-EOm3hsgpJLMbATOs4UzcyuIJWy6DbbSTqi30dfLo54MzXezjTTG6I1H_A6n0I3cny2AdwGQDkJc0T2M3yD19K9284xWwJWR1uBBwFSbyiw0hIXjnI3OTRHYU2og..&type=2&query=%E6%B5%B7%E9%A9%AC%E8%AF%BE%E5%A0%82 %E9%80%80%E8%B4%B9&token=E16AECEAC566EE462A2C6CE9F23761F12A2F0D38693CF5CA,,"全真模拟练习教你答题,稳PASS,稳高分,期末不过全额退款!须知:海马课堂HighMarkTutor 对学术诚信予以高度重视,坚决抵制...","全真模拟练习教你答题,稳PASS,稳高分,期末不过全额退款!须知:海马课堂HighMarkTutor 对学术诚信予以高度重视,坚决抵制...",,0,0,False,0,
搜狗微信,海马课堂,海马课堂 避雷,"西浦新生最容易踩的坑,已经替你避雷了!",https://weixin.sogou.com/link?url=dn9a_-gY295K0Rci_xozVXfdMkSQTLW6cwJThYulHEtVjXrGTiVgSziln4oLtJd_n1jg0rQsvnYnWnzBnTuUQ1qXa8Fplpd9YZ860UgzfWpik067AdwQ9eMQ5Tphh-qpcWYazJyYUf6h7RiiWTPlV5kczckN6QQtw_yuAaPSHkbN7NdV842sA3r48vVwHd1M_kzhhQqeWLI4LBd5o5wseDiRAuvhdiGQb67B-hnT3oPzXQeQRjNAkkn_DfLpdHBpuk0JjJ4ViQAC2Qmj7RgGwQ..&type=2&query=%E6%B5%B7%E9%A9%AC%E8%AF%BE%E5%A0%82 %E9%81%BF%E9%9B%B7&token=E16B1597C566EE462A2C6CE9F23761F12A2F0D38693CF5D3,,"海马课堂会是你的学习搭子,事无巨细的学业辅导将给足同学们满满的安全感.已经帮助1000+西浦同学辅导学业,大多数同学拿到满...","海马课堂会是你的学习搭子,事无巨细的学业辅导将给足同学们满满的安全感.已经帮助1000+西浦同学辅导学业,大多数同学拿到满...",,0,0,False,0,
搜狗微信,海马课堂,海马课堂 避雷,UNSW留学生:选课暂停!,https://weixin.sogou.com/link?url=dn9a_-gY295K0Rci_xozVXfdMkSQTLW6cwJThYulHEtVjXrGTiVgSziln4oLtJd_n1jg0rQsvnYnWnzBnTuUQ1qXa8Fplpd9ex1_PR0dafsgBGbFmbSEkPk4_FN42xZufWfSS7QWdtlLR-jhcw-sOiKxYVPytMynnM2cXUjhLchmsu6yCCrg1AOeYKnR3r8OqRBJTClF8ingsy0o0Jef00moVlVPgkgyclpAU2SyaK1NUf2aejLfFNtKiknYqsLM7UlWpO5oUHpCy6umSSPEsg..&type=2&query=%E6%B5%B7%E9%A9%AC%E8%AF%BE%E5%A0%82 %E9%81%BF%E9%9B%B7&token=E16B1597C566EE462A2C6CE9F23761F12A2F0D38693CF5D3,,"如你不了解课程详情,可扫码咨询,10年辅导经验的海马课堂,从专业角度给你最佳建议 避雷GPA Killer,轻松拿高分 选课门道很多...","如你不了解课程详情,可扫码咨询,10年辅导经验的海马课堂,从专业角度给你最佳建议 避雷GPA Killer,轻松拿高分 选课门道很多...",,0,0,False,0,
搜狗微信,海马课堂,海马课堂 避雷,"学联推广 |《USM 选课通知》,留学生速戳!",https://weixin.sogou.com/link?url=dn9a_-gY295K0Rci_xozVXfdMkSQTLW6cwJThYulHEtVjXrGTiVgSziln4oLtJd_n1jg0rQsvnYnWnzBnTuUQ1qXa8Fplpd9PPt9MkinGrhT0B7KBJUGYoGE7bCcd6Ph-eoYFvbj6yNZrwePLMCZ_dpnURrVQg_g2pFBOZSLeUs1DUxNyNNuydeKYtASfJB1FaPSsgqfLD90vuS79Eyvg8_Eus1vzRmn5k22bmxlWH43erz-mnVf72nSAIc8UsuJFRFphKf-FWm00NVofL2iDw..&type=2&query=%E6%B5%B7%E9%A9%AC%E8%AF%BE%E5%A0%82 %E9%81%BF%E9%9B%B7&token=E16B1597C566EE462A2C6CE9F23761F12A2F0D38693CF5D3,,"如你不了解课程情况,可以添加Luna老师咨询,10年辅导经验的海马课堂,从专业角度给你最佳建议 避雷GPA Killer,轻松拿高分 选...","如你不了解课程情况,可以添加Luna老师咨询,10年辅导经验的海马课堂,从专业角度给你最佳建议 避雷GPA Killer,轻松拿高分 选...",,0,0,False,0,
搜狗微信,海马课堂,海马课堂 避雷,UNSW留学生注意!选课不当还会被开除?,https://weixin.sogou.com/link?url=dn9a_-gY295K0Rci_xozVXfdMkSQTLW6cwJThYulHEtVjXrGTiVgSziln4oLtJd_n1jg0rQsvnYnWnzBnTuUQ1qXa8Fplpd9ex1_PR0dafsgBGbFmbSEkPk4_FN42xZufWfSS7QWdtlLR-jhcw-sOmg2UcY4gZWZTUigsaTfE4E7W12L-C8bTKehosK9y1lp5KZoI3Ft-UOevEnMbfq5z681Qrk-Syv5Q20ovA0a0OtTSr5qm-fBae2EfwHnnPPE1TJMFLfjsi5hlgeRt7bSzA..&type=2&query=%E6%B5%B7%E9%A9%AC%E8%AF%BE%E5%A0%82 %E9%81%BF%E9%9B%B7&token=E16B1597C566EE462A2C6CE9F23761F12A2F0D38693CF5D3,,"真实留学背景,假一赔十保姆级选课指导避雷水课,高分轻松拿手... 海马课堂HighMarkTutor 对学术诚信予以高度重视,坚决抵制任何...","真实留学背景,假一赔十保姆级选课指导避雷水课,高分轻松拿手... 海马课堂HighMarkTutor 对学术诚信予以高度重视,坚决抵制任何...",,0,0,False,0,
